species_pokemon_id,species_name,variety_name,is_default,variety_pokemon_id,generation,is_legendary,is_mythical,is_baby,has_gender_differences,forms_switchable,is_mega,is_gmax,is_regional_form
1,bulbasaur,bulbasaur,1,1,generation-i,0,0,0,0,0,0,0,0
2,ivysaur,ivysaur,1,2,generation-i,0,0,0,0,0,0,0,0
3,venusaur,venusaur,1,3,generation-i,0,0,0,1,1,0,0,0
3,venusaur,venusaur-mega,0,10033,generation-i,0,0,0,1,1,1,0,0
3,venusaur,venusaur-gmax,0,10195,generation-i,0,0,0,1,1,0,1,0
4,charmander,charmander,1,4,generation-i,0,0,0,0,0,0,0,0
5,charmeleon,charmeleon,1,5,generation-i,0,0,0,0,0,0,0,0
6,charizard,charizard,1,6,generation-i,0,0,0,0,1,0,0,0
6,charizard,charizard-mega-x,0,10034,generation-i,0,0,0,0,1,1,0,0
6,charizard,charizard-mega-y,0,10035,generation-i,0,0,0,0,1,1,0,0
6,charizard,charizard-gmax,0,10196,generation-i,0,0,0,0,1,0,1,0
7,squirtle,squirtle,1,7,generation-i,0,0,0,0,0,0,0,0
8,wartortle,wartortle,1,8,generation-i,0,0,0,0,0,0,0,0
9,blastoise,blastoise,1,9,generation-i,0,0,0,0,1,0,0,0
9,blastoise,blastoise-mega,0,10036,generation-i,0,0,0,0,1,1,0,0
9,blastoise,blastoise-gmax,0,10197,generation-i,0,0,0,0,1,0,1,0
10,caterpie,caterpie,1,10,generation-i,0,0,0,0,0,0,0,0
11,metapod,metapod,1,11,generation-i,0,0,0,0,0,0,0,0
12,butterfree,butterfree,1,12,generation-i,0,0,0,1,0,0,0,0
12,butterfree,butterfree-gmax,0,10198,generation-i,0,0,0,1,0,0,1,0
13,weedle,weedle,1,13,generation-i,0,0,0,0,0,0,0,0
14,kakuna,kakuna,1,14,generation-i,0,0,0,0,0,0,0,0
15,beedrill,beedrill,1,15,generation-i,0,0,0,0,1,0,0,0
15,beedrill,beedrill-mega,0,10090,generation-i,0,0,0,0,1,1,0,0
16,pidgey,pidgey,1,16,generation-i,0,0,0,0,0,0,0,0
17,pidgeotto,pidgeotto,1,17,generation-i,0,0,0,0,0,0,0,0
18,pidgeot,pidgeot,1,18,generation-i,0,0,0,0,1,0,0,0
18,pidgeot,pidgeot-mega,0,10073,generation-i,0,0,0,0,1,1,0,0
19,rattata,rattata,1,19,generation-i,0,0,0,1,0,0,0,0
19,rattata,rattata-alola,0,10091,generation-i,0,0,0,1,0,0,0,1
20,raticate,raticate,1,20,generation-i,0,0,0,1,0,0,0,0
20,raticate,raticate-alola,0,10092,generation-i,0,0,0,1,0,0,0,1
20,raticate,raticate-totem-alola,0,10093,generation-i,0,0,0,1,0,0,0,0
21,spearow,spearow,1,21,generation-i,0,0,0,0,0,0,0,0
22,fearow,fearow,1,22,generation-i,0,0,0,0,0,0,0,0
23,ekans,ekans,1,23,generation-i,0,0,0,0,0,0,0,0
24,arbok,arbok,1,24,generation-i,0,0,0,0,0,0,0,0
25,pikachu,pikachu,1,25,generation-i,0,0,0,1,0,0,0,0
25,pikachu,pikachu-rock-star,0,10080,generation-i,0,0,0,1,0,0,0,0
25,pikachu,pikachu-belle,0,10081,generation-i,0,0,0,1,0,0,0,0
25,pikachu,pikachu-pop-star,0,10082,generation-i,0,0,0,1,0,0,0,0
25,pikachu,pikachu-phd,0,10083,generation-i,0,0,0,1,0,0,0,0
25,pikachu,pikachu-libre,0,10084,generation-i,0,0,0,1,0,0,0,0
25,pikachu,pikachu-cosplay,0,10085,generation-i,0,0,0,1,0,0,0,0
25,pikachu,pikachu-original-cap,0,10094,generation-i,0,0,0,1,0,0,0,0
25,pikachu,pikachu-hoenn-cap,0,10095,generation-i,0,0,0,1,0,0,0,0
25,pikachu,pikachu-sinnoh-cap,0,10096,generation-i,0,0,0,1,0,0,0,0
25,pikachu,pikachu-unova-cap,0,10097,generation-i,0,0,0,1,0,0,0,0
25,pikachu,pikachu-kalos-cap,0,10098,generation-i,0,0,0,1,0,0,0,0
25,pikachu,pikachu-alola-cap,0,10099,generation-i,0,0,0,1,0,0,0,0
25,pikachu,pikachu-partner-cap,0,10148,generation-i,0,0,0,1,0,0,0,0
25,pikachu,pikachu-starter,0,10158,generation-i,0,0,0,1,0,0,0,0
25,pikachu,pikachu-world-cap,0,10160,generation-i,0,0,0,1,0,0,0,0
25,pikachu,pikachu-gmax,0,10199,generation-i,0,0,0,1,0,0,1,0
26,raichu,raichu,1,26,generation-i,0,0,0,1,0,0,0,0
26,raichu,raichu-alola,0,10100,generation-i,0,0,0,1,0,0,0,1
27,sandshrew,sandshrew,1,27,generation-i,0,0,0,0,0,0,0,0
27,sandshrew,sandshrew-alola,0,10101,generation-i,0,0,0,0,0,0,0,1
28,sandslash,sandslash,1,28,generation-i,0,0,0,0,0,0,0,0
28,sandslash,sandslash-alola,0,10102,generation-i,0,0,0,0,0,0,0,1
29,nidoran-f,nidoran-f,1,29,generation-i,0,0,0,0,0,0,0,0
30,nidorina,nidorina,1,30,generation-i,0,0,0,0,0,0,0,0
31,nidoqueen,nidoqueen,1,31,generation-i,0,0,0,0,0,0,0,0
32,nidoran-m,nidoran-m,1,32,generation-i,0,0,0,0,0,0,0,0
33,nidorino,nidorino,1,33,generation-i,0,0,0,0,0,0,0,0
34,nidoking,nidoking,1,34,generation-i,0,0,0,0,0,0,0,0
35,clefairy,clefairy,1,35,generation-i,0,0,0,0,0,0,0,0
36,clefable,clefable,1,36,generation-i,0,0,0,0,0,0,0,0
36,clefable,clefable-mega,0,10278,generation-i,0,0,0,0,0,1,0,0
37,vulpix,vulpix,1,37,generation-i,0,0,0,0,0,0,0,0
37,vulpix,vulpix-alola,0,10103,generation-i,0,0,0,0,0,0,0,1
38,ninetales,ninetales,1,38,generation-i,0,0,0,0,0,0,0,0
38,ninetales,ninetales-alola,0,10104,generation-i,0,0,0,0,0,0,0,1
39,jigglypuff,jigglypuff,1,39,generation-i,0,0,0,0,0,0,0,0
40,wigglytuff,wigglytuff,1,40,generation-i,0,0,0,0,0,0,0,0
41,zubat,zubat,1,41,generation-i,0,0,0,1,0,0,0,0
42,golbat,golbat,1,42,generation-i,0,0,0,1,0,0,0,0
43,oddish,oddish,1,43,generation-i,0,0,0,0,0,0,0,0
44,gloom,gloom,1,44,generation-i,0,0,0,1,0,0,0,0
45,vileplume,vileplume,1,45,generation-i,0,0,0,1,0,0,0,0
46,paras,paras,1,46,generation-i,0,0,0,0,0,0,0,0
47,parasect,parasect,1,47,generation-i,0,0,0,0,0,0,0,0
48,venonat,venonat,1,48,generation-i,0,0,0,0,0,0,0,0
49,venomoth,venomoth,1,49,generation-i,0,0,0,0,0,0,0,0
50,diglett,diglett,1,50,generation-i,0,0,0,0,0,0,0,0
50,diglett,diglett-alola,0,10105,generation-i,0,0,0,0,0,0,0,1
51,dugtrio,dugtrio,1,51,generation-i,0,0,0,0,0,0,0,0
51,dugtrio,dugtrio-alola,0,10106,generation-i,0,0,0,0,0,0,0,1
52,meowth,meowth,1,52,generation-i,0,0,0,0,0,0,0,0
52,meowth,meowth-alola,0,10107,generation-i,0,0,0,0,0,0,0,1
52,meowth,meowth-galar,0,10161,generation-i,0,0,0,0,0,0,0,1
52,meowth,meowth-gmax,0,10200,generation-i,0,0,0,0,0,0,1,0
53,persian,persian,1,53,generation-i,0,0,0,0,0,0,0,0
53,persian,persian-alola,0,10108,generation-i,0,0,0,0,0,0,0,1
54,psyduck,psyduck,1,54,generation-i,0,0,0,0,0,0,0,0
55,golduck,golduck,1,55,generation-i,0,0,0,0,0,0,0,0
56,mankey,mankey,1,56,generation-i,0,0,0,0,0,0,0,0
57,primeape,primeape,1,57,generation-i,0,0,0,0,0,0,0,0
58,growlithe,growlithe,1,58,generation-i,0,0,0,0,0,0,0,0
58,growlithe,growlithe-hisui,0,10229,generation-i,0,0,0,0,0,0,0,1
59,arcanine,arcanine,1,59,generation-i,0,0,0,0,0,0,0,0
59,arcanine,arcanine-hisui,0,10230,generation-i,0,0,0,0,0,0,0,1
60,poliwag,poliwag,1,60,generation-i,0,0,0,0,0,0,0,0
61,poliwhirl,poliwhirl,1,61,generation-i,0,0,0,0,0,0,0,0
62,poliwrath,poliwrath,1,62,generation-i,0,0,0,0,0,0,0,0
63,abra,abra,1,63,generation-i,0,0,0,0,0,0,0,0
64,kadabra,kadabra,1,64,generation-i,0,0,0,1,0,0,0,0
65,alakazam,alakazam,1,65,generation-i,0,0,0,1,1,0,0,0
65,alakazam,alakazam-mega,0,10037,generation-i,0,0,0,1,1,1,0,0
66,machop,machop,1,66,generation-i,0,0,0,0,0,0,0,0
67,machoke,machoke,1,67,generation-i,0,0,0,0,0,0,0,0
68,machamp,machamp,1,68,generation-i,0,0,0,0,0,0,0,0
68,machamp,machamp-gmax,0,10201,generation-i,0,0,0,0,0,0,1,0
69,bellsprout,bellsprout,1,69,generation-i,0,0,0,0,0,0,0,0
70,weepinbell,weepinbell,1,70,generation-i,0,0,0,0,0,0,0,0
71,victreebel,victreebel,1,71,generation-i,0,0,0,0,0,0,0,0
71,victreebel,victreebel-mega,0,10279,generation-i,0,0,0,0,0,1,0,0
72,tentacool,tentacool,1,72,generation-i,0,0,0,0,0,0,0,0
73,tentacruel,tentacruel,1,73,generation-i,0,0,0,0,0,0,0,0
74,geodude,geodude,1,74,generation-i,0,0,0,0,0,0,0,0
74,geodude,geodude-alola,0,10109,generation-i,0,0,0,0,0,0,0,1
75,graveler,graveler,1,75,generation-i,0,0,0,0,0,0,0,0
75,graveler,graveler-alola,0,10110,generation-i,0,0,0,0,0,0,0,1
76,golem,golem,1,76,generation-i,0,0,0,0,0,0,0,0
76,golem,golem-alola,0,10111,generation-i,0,0,0,0,0,0,0,1
77,ponyta,ponyta,1,77,generation-i,0,0,0,0,0,0,0,0
77,ponyta,ponyta-galar,0,10162,generation-i,0,0,0,0,0,0,0,1
78,rapidash,rapidash,1,78,generation-i,0,0,0,0,0,0,0,0
78,rapidash,rapidash-galar,0,10163,generation-i,0,0,0,0,0,0,0,1
79,slowpoke,slowpoke,1,79,generation-i,0,0,0,0,0,0,0,0
79,slowpoke,slowpoke-galar,0,10164,generation-i,0,0,0,0,0,0,0,1
80,slowbro,slowbro,1,80,generation-i,0,0,0,0,1,0,0,0
80,slowbro,slowbro-mega,0,10071,generation-i,0,0,0,0,1,1,0,0
80,slowbro,slowbro-galar,0,10165,generation-i,0,0,0,0,1,0,0,1
81,magnemite,magnemite,1,81,generation-i,0,0,0,0,0,0,0,0
82,magneton,magneton,1,82,generation-i,0,0,0,0,0,0,0,0
83,farfetchd,farfetchd,1,83,generation-i,0,0,0,0,0,0,0,0
83,farfetchd,farfetchd-galar,0,10166,generation-i,0,0,0,0,0,0,0,1
84,doduo,doduo,1,84,generation-i,0,0,0,1,0,0,0,0
85,dodrio,dodrio,1,85,generation-i,0,0,0,1,0,0,0,0
86,seel,seel,1,86,generation-i,0,0,0,0,0,0,0,0
87,dewgong,dewgong,1,87,generation-i,0,0,0,0,0,0,0,0
88,grimer,grimer,1,88,generation-i,0,0,0,0,0,0,0,0
88,grimer,grimer-alola,0,10112,generation-i,0,0,0,0,0,0,0,1
89,muk,muk,1,89,generation-i,0,0,0,0,0,0,0,0
89,muk,muk-alola,0,10113,generation-i,0,0,0,0,0,0,0,1
90,shellder,shellder,1,90,generation-i,0,0,0,0,0,0,0,0
91,cloyster,cloyster,1,91,generation-i,0,0,0,0,0,0,0,0
92,gastly,gastly,1,92,generation-i,0,0,0,0,0,0,0,0
93,haunter,haunter,1,93,generation-i,0,0,0,0,0,0,0,0
94,gengar,gengar,1,94,generation-i,0,0,0,0,1,0,0,0
94,gengar,gengar-mega,0,10038,generation-i,0,0,0,0,1,1,0,0
94,gengar,gengar-gmax,0,10202,generation-i,0,0,0,0,1,0,1,0
95,onix,onix,1,95,generation-i,0,0,0,0,0,0,0,0
96,drowzee,drowzee,1,96,generation-i,0,0,0,0,0,0,0,0
97,hypno,hypno,1,97,generation-i,0,0,0,1,0,0,0,0
98,krabby,krabby,1,98,generation-i,0,0,0,0,0,0,0,0
99,kingler,kingler,1,99,generation-i,0,0,0,0,0,0,0,0
99,kingler,kingler-gmax,0,10203,generation-i,0,0,0,0,0,0,1,0
100,voltorb,voltorb,1,100,generation-i,0,0,0,0,0,0,0,0
100,voltorb,voltorb-hisui,0,10231,generation-i,0,0,0,0,0,0,0,1
101,electrode,electrode,1,101,generation-i,0,0,0,0,0,0,0,0
101,electrode,electrode-hisui,0,10232,generation-i,0,0,0,0,0,0,0,1
102,exeggcute,exeggcute,1,102,generation-i,0,0,0,0,0,0,0,0
103,exeggutor,exeggutor,1,103,generation-i,0,0,0,0,0,0,0,0
103,exeggutor,exeggutor-alola,0,10114,generation-i,0,0,0,0,0,0,0,1
104,cubone,cubone,1,104,generation-i,0,0,0,0,0,0,0,0
105,marowak,marowak,1,105,generation-i,0,0,0,0,0,0,0,0
105,marowak,marowak-alola,0,10115,generation-i,0,0,0,0,0,0,0,1
105,marowak,marowak-totem,0,10149,generation-i,0,0,0,0,0,0,0,0
106,hitmonlee,hitmonlee,1,106,generation-i,0,0,0,0,0,0,0,0
107,hitmonchan,hitmonchan,1,107,generation-i,0,0,0,0,0,0,0,0
108,lickitung,lickitung,1,108,generation-i,0,0,0,0,0,0,0,0
109,koffing,koffing,1,109,generation-i,0,0,0,0,0,0,0,0
110,weezing,weezing,1,110,generation-i,0,0,0,0,0,0,0,0
110,weezing,weezing-galar,0,10167,generation-i,0,0,0,0,0,0,0,1
111,rhyhorn,rhyhorn,1,111,generation-i,0,0,0,1,0,0,0,0
112,rhydon,rhydon,1,112,generation-i,0,0,0,1,0,0,0,0
113,chansey,chansey,1,113,generation-i,0,0,0,0,0,0,0,0
114,tangela,tangela,1,114,generation-i,0,0,0,0,0,0,0,0
115,kangaskhan,kangaskhan,1,115,generation-i,0,0,0,0,1,0,0,0
115,kangaskhan,kangaskhan-mega,0,10039,generation-i,0,0,0,0,1,1,0,0
116,horsea,horsea,1,116,generation-i,0,0,0,0,0,0,0,0
117,seadra,seadra,1,117,generation-i,0,0,0,0,0,0,0,0
118,goldeen,goldeen,1,118,generation-i,0,0,0,1,0,0,0,0
119,seaking,seaking,1,119,generation-i,0,0,0,1,0,0,0,0
120,staryu,staryu,1,120,generation-i,0,0,0,0,0,0,0,0
121,starmie,starmie,1,121,generation-i,0,0,0,0,0,0,0,0
121,starmie,starmie-mega,0,10280,generation-i,0,0,0,0,0,1,0,0
122,mr-mime,mr-mime,1,122,generation-i,0,0,0,0,0,0,0,0
122,mr-mime,mr-mime-galar,0,10168,generation-i,0,0,0,0,0,0,0,1
123,scyther,scyther,1,123,generation-i,0,0,0,1,0,0,0,0
124,jynx,jynx,1,124,generation-i,0,0,0,0,0,0,0,0
125,electabuzz,electabuzz,1,125,generation-i,0,0,0,0,0,0,0,0
126,magmar,magmar,1,126,generation-i,0,0,0,0,0,0,0,0
127,pinsir,pinsir,1,127,generation-i,0,0,0,0,1,0,0,0
127,pinsir,pinsir-mega,0,10040,generation-i,0,0,0,0,1,1,0,0
128,tauros,tauros,1,128,generation-i,0,0,0,0,0,0,0,0
128,tauros,tauros-paldea-combat-breed,0,10250,generation-i,0,0,0,0,0,0,0,1
128,tauros,tauros-paldea-blaze-breed,0,10251,generation-i,0,0,0,0,0,0,0,1
128,tauros,tauros-paldea-aqua-breed,0,10252,generation-i,0,0,0,0,0,0,0,1
129,magikarp,magikarp,1,129,generation-i,0,0,0,1,0,0,0,0
130,gyarados,gyarados,1,130,generation-i,0,0,0,1,1,0,0,0
130,gyarados,gyarados-mega,0,10041,generation-i,0,0,0,1,1,1,0,0
131,lapras,lapras,1,131,generation-i,0,0,0,0,0,0,0,0
131,lapras,lapras-gmax,0,10204,generation-i,0,0,0,0,0,0,1,0
132,ditto,ditto,1,132,generation-i,0,0,0,0,0,0,0,0
133,eevee,eevee,1,133,generation-i,0,0,0,1,0,0,0,0
133,eevee,eevee-starter,0,10159,generation-i,0,0,0,1,0,0,0,0
133,eevee,eevee-gmax,0,10205,generation-i,0,0,0,1,0,0,1,0
134,vaporeon,vaporeon,1,134,generation-i,0,0,0,0,0,0,0,0
135,jolteon,jolteon,1,135,generation-i,0,0,0,0,0,0,0,0
136,flareon,flareon,1,136,generation-i,0,0,0,0,0,0,0,0
137,porygon,porygon,1,137,generation-i,0,0,0,0,0,0,0,0
138,omanyte,omanyte,1,138,generation-i,0,0,0,0,0,0,0,0
139,omastar,omastar,1,139,generation-i,0,0,0,0,0,0,0,0
140,kabuto,kabuto,1,140,generation-i,0,0,0,0,0,0,0,0
141,kabutops,kabutops,1,141,generation-i,0,0,0,0,0,0,0,0
142,aerodactyl,aerodactyl,1,142,generation-i,0,0,0,0,1,0,0,0
142,aerodactyl,aerodactyl-mega,0,10042,generation-i,0,0,0,0,1,1,0,0
143,snorlax,snorlax,1,143,generation-i,0,0,0,0,0,0,0,0
143,snorlax,snorlax-gmax,0,10206,generation-i,0,0,0,0,0,0,1,0
144,articuno,articuno,1,144,generation-i,1,0,0,0,0,0,0,0
144,articuno,articuno-galar,0,10169,generation-i,1,0,0,0,0,0,0,1
145,zapdos,zapdos,1,145,generation-i,1,0,0,0,0,0,0,0
145,zapdos,zapdos-galar,0,10170,generation-i,1,0,0,0,0,0,0,1
146,moltres,moltres,1,146,generation-i,1,0,0,0,0,0,0,0
146,moltres,moltres-galar,0,10171,generation-i,1,0,0,0,0,0,0,1
147,dratini,dratini,1,147,generation-i,0,0,0,0,0,0,0,0
148,dragonair,dragonair,1,148,generation-i,0,0,0,0,0,0,0,0
149,dragonite,dragonite,1,149,generation-i,0,0,0,0,0,0,0,0
149,dragonite,dragonite-mega,0,10281,generation-i,0,0,0,0,0,1,0,0
150,mewtwo,mewtwo,1,150,generation-i,1,0,0,0,1,0,0,0
150,mewtwo,mewtwo-mega-x,0,10043,generation-i,1,0,0,0,1,1,0,0
150,mewtwo,mewtwo-mega-y,0,10044,generation-i,1,0,0,0,1,1,0,0
151,mew,mew,1,151,generation-i,0,1,0,0,0,0,0,0
152,chikorita,chikorita,1,152,generation-ii,0,0,0,0,0,0,0,0
153,bayleef,bayleef,1,153,generation-ii,0,0,0,0,0,0,0,0
154,meganium,meganium,1,154,generation-ii,0,0,0,1,0,0,0,0
154,meganium,meganium-mega,0,10282,generation-ii,0,0,0,1,0,1,0,0
155,cyndaquil,cyndaquil,1,155,generation-ii,0,0,0,0,0,0,0,0
156,quilava,quilava,1,156,generation-ii,0,0,0,0,0,0,0,0
157,typhlosion,typhlosion,1,157,generation-ii,0,0,0,0,0,0,0,0
157,typhlosion,typhlosion-hisui,0,10233,generation-ii,0,0,0,0,0,0,0,1
158,totodile,totodile,1,158,generation-ii,0,0,0,0,0,0,0,0
159,croconaw,croconaw,1,159,generation-ii,0,0,0,0,0,0,0,0
160,feraligatr,feraligatr,1,160,generation-ii,0,0,0,0,0,0,0,0
160,feraligatr,feraligatr-mega,0,10283,generation-ii,0,0,0,0,0,1,0,0
161,sentret,sentret,1,161,generation-ii,0,0,0,0,0,0,0,0
162,furret,furret,1,162,generation-ii,0,0,0,0,0,0,0,0
163,hoothoot,hoothoot,1,163,generation-ii,0,0,0,0,0,0,0,0
164,noctowl,noctowl,1,164,generation-ii,0,0,0,0,0,0,0,0
165,ledyba,ledyba,1,165,generation-ii,0,0,0,1,0,0,0,0
166,ledian,ledian,1,166,generation-ii,0,0,0,1,0,0,0,0
167,spinarak,spinarak,1,167,generation-ii,0,0,0,0,0,0,0,0
168,ariados,ariados,1,168,generation-ii,0,0,0,0,0,0,0,0
169,crobat,crobat,1,169,generation-ii,0,0,0,0,0,0,0,0
170,chinchou,chinchou,1,170,generation-ii,0,0,0,0,0,0,0,0
171,lanturn,lanturn,1,171,generation-ii,0,0,0,0,0,0,0,0
172,pichu,pichu,1,172,generation-ii,0,0,1,0,0,0,0,0
173,cleffa,cleffa,1,173,generation-ii,0,0,1,0,0,0,0,0
174,igglybuff,igglybuff,1,174,generation-ii,0,0,1,0,0,0,0,0
175,togepi,togepi,1,175,generation-ii,0,0,1,0,0,0,0,0
176,togetic,togetic,1,176,generation-ii,0,0,0,0,0,0,0,0
177,natu,natu,1,177,generation-ii,0,0,0,0,0,0,0,0
178,xatu,xatu,1,178,generation-ii,0,0,0,1,0,0,0,0
179,mareep,mareep,1,179,generation-ii,0,0,0,0,0,0,0,0
180,flaaffy,flaaffy,1,180,generation-ii,0,0,0,0,0,0,0,0
181,ampharos,ampharos,1,181,generation-ii,0,0,0,0,1,0,0,0
181,ampharos,ampharos-mega,0,10045,generation-ii,0,0,0,0,1,1,0,0
182,bellossom,bellossom,1,182,generation-ii,0,0,0,0,0,0,0,0
183,marill,marill,1,183,generation-ii,0,0,0,0,0,0,0,0
184,azumarill,azumarill,1,184,generation-ii,0,0,0,0,0,0,0,0
185,sudowoodo,sudowoodo,1,185,generation-ii,0,0,0,1,0,0,0,0
186,politoed,politoed,1,186,generation-ii,0,0,0,1,0,0,0,0
187,hoppip,hoppip,1,187,generation-ii,0,0,0,0,0,0,0,0
188,skiploom,skiploom,1,188,generation-ii,0,0,0,0,0,0,0,0
189,jumpluff,jumpluff,1,189,generation-ii,0,0,0,0,0,0,0,0
190,aipom,aipom,1,190,generation-ii,0,0,0,1,0,0,0,0
191,sunkern,sunkern,1,191,generation-ii,0,0,0,0,0,0,0,0
192,sunflora,sunflora,1,192,generation-ii,0,0,0,0,0,0,0,0
193,yanma,yanma,1,193,generation-ii,0,0,0,0,0,0,0,0
194,wooper,wooper,1,194,generation-ii,0,0,0,1,0,0,0,0
194,wooper,wooper-paldea,0,10253,generation-ii,0,0,0,1,0,0,0,1
195,quagsire,quagsire,1,195,generation-ii,0,0,0,1,0,0,0,0
196,espeon,espeon,1,196,generation-ii,0,0,0,0,0,0,0,0
197,umbreon,umbreon,1,197,generation-ii,0,0,0,0,0,0,0,0
198,murkrow,murkrow,1,198,generation-ii,0,0,0,1,0,0,0,0
199,slowking,slowking,1,199,generation-ii,0,0,0,0,0,0,0,0
199,slowking,slowking-galar,0,10172,generation-ii,0,0,0,0,0,0,0,1
200,misdreavus,misdreavus,1,200,generation-ii,0,0,0,0,0,0,0,0
201,unown,unown,1,201,generation-ii,0,0,0,0,0,0,0,0
202,wobbuffet,wobbuffet,1,202,generation-ii,0,0,0,1,0,0,0,0
203,girafarig,girafarig,1,203,generation-ii,0,0,0,1,0,0,0,0
204,pineco,pineco,1,204,generation-ii,0,0,0,0,0,0,0,0
205,forretress,forretress,1,205,generation-ii,0,0,0,0,0,0,0,0
206,dunsparce,dunsparce,1,206,generation-ii,0,0,0,0,0,0,0,0
207,gligar,gligar,1,207,generation-ii,0,0,0,1,0,0,0,0
208,steelix,steelix,1,208,generation-ii,0,0,0,1,1,0,0,0
208,steelix,steelix-mega,0,10072,generation-ii,0,0,0,1,1,1,0,0
209,snubbull,snubbull,1,209,generation-ii,0,0,0,0,0,0,0,0
210,granbull,granbull,1,210,generation-ii,0,0,0,0,0,0,0,0
211,qwilfish,qwilfish,1,211,generation-ii,0,0,0,0,0,0,0,0
211,qwilfish,qwilfish-hisui,0,10234,generation-ii,0,0,0,0,0,0,0,1
212,scizor,scizor,1,212,generation-ii,0,0,0,1,1,0,0,0
212,scizor,scizor-mega,0,10046,generation-ii,0,0,0,1,1,1,0,0
213,shuckle,shuckle,1,213,generation-ii,0,0,0,0,0,0,0,0
214,heracross,heracross,1,214,generation-ii,0,0,0,1,1,0,0,0
214,heracross,heracross-mega,0,10047,generation-ii,0,0,0,1,1,1,0,0
215,sneasel,sneasel,1,215,generation-ii,0,0,0,1,0,0,0,0
215,sneasel,sneasel-hisui,0,10235,generation-ii,0,0,0,1,0,0,0,1
216,teddiursa,teddiursa,1,216,generation-ii,0,0,0,0,0,0,0,0
217,ursaring,ursaring,1,217,generation-ii,0,0,0,1,0,0,0,0
218,slugma,slugma,1,218,generation-ii,0,0,0,0,0,0,0,0
219,magcargo,magcargo,1,219,generation-ii,0,0,0,0,0,0,0,0
220,swinub,swinub,1,220,generation-ii,0,0,0,0,0,0,0,0
221,piloswine,piloswine,1,221,generation-ii,0,0,0,1,0,0,0,0
222,corsola,corsola,1,222,generation-ii,0,0,0,0,0,0,0,0
222,corsola,corsola-galar,0,10173,generation-ii,0,0,0,0,0,0,0,1
223,remoraid,remoraid,1,223,generation-ii,0,0,0,0,0,0,0,0
224,octillery,octillery,1,224,generation-ii,0,0,0,1,0,0,0,0
225,delibird,delibird,1,225,generation-ii,0,0,0,0,0,0,0,0
226,mantine,mantine,1,226,generation-ii,0,0,0,0,0,0,0,0
227,skarmory,skarmory,1,227,generation-ii,0,0,0,0,0,0,0,0
227,skarmory,skarmory-mega,0,10284,generation-ii,0,0,0,0,0,1,0,0
228,houndour,houndour,1,228,generation-ii,0,0,0,0,0,0,0,0
229,houndoom,houndoom,1,229,generation-ii,0,0,0,1,1,0,0,0
229,houndoom,houndoom-mega,0,10048,generation-ii,0,0,0,1,1,1,0,0
230,kingdra,kingdra,1,230,generation-ii,0,0,0,0,0,0,0,0
231,phanpy,phanpy,1,231,generation-ii,0,0,0,0,0,0,0,0
232,donphan,donphan,1,232,generation-ii,0,0,0,1,0,0,0,0
233,porygon2,porygon2,1,233,generation-ii,0,0,0,0,0,0,0,0
234,stantler,stantler,1,234,generation-ii,0,0,0,0,0,0,0,0
235,smeargle,smeargle,1,235,generation-ii,0,0,0,0,0,0,0,0
236,tyrogue,tyrogue,1,236,generation-ii,0,0,1,0,0,0,0,0
237,hitmontop,hitmontop,1,237,generation-ii,0,0,0,0,0,0,0,0
238,smoochum,smoochum,1,238,generation-ii,0,0,1,0,0,0,0,0
239,elekid,elekid,1,239,generation-ii,0,0,1,0,0,0,0,0
240,magby,magby,1,240,generation-ii,0,0,1,0,0,0,0,0
241,miltank,miltank,1,241,generation-ii,0,0,0,0,0,0,0,0
242,blissey,blissey,1,242,generation-ii,0,0,0,0,0,0,0,0
243,raikou,raikou,1,243,generation-ii,1,0,0,0,0,0,0,0
244,entei,entei,1,244,generation-ii,1,0,0,0,0,0,0,0
245,suicune,suicune,1,245,generation-ii,1,0,0,0,0,0,0,0
246,larvitar,larvitar,1,246,generation-ii,0,0,0,0,0,0,0,0
247,pupitar,pupitar,1,247,generation-ii,0,0,0,0,0,0,0,0
248,tyranitar,tyranitar,1,248,generation-ii,0,0,0,0,1,0,0,0
248,tyranitar,tyranitar-mega,0,10049,generation-ii,0,0,0,0,1,1,0,0
249,lugia,lugia,1,249,generation-ii,1,0,0,0,0,0,0,0
250,ho-oh,ho-oh,1,250,generation-ii,1,0,0,0,0,0,0,0
251,celebi,celebi,1,251,generation-ii,0,1,0,0,0,0,0,0
252,treecko,treecko,1,252,generation-iii,0,0,0,0,0,0,0,0
253,grovyle,grovyle,1,253,generation-iii,0,0,0,0,0,0,0,0
254,sceptile,sceptile,1,254,generation-iii,0,0,0,0,1,0,0,0
254,sceptile,sceptile-mega,0,10065,generation-iii,0,0,0,0,1,1,0,0
255,torchic,torchic,1,255,generation-iii,0,0,0,1,0,0,0,0
256,combusken,combusken,1,256,generation-iii,0,0,0,1,0,0,0,0
257,blaziken,blaziken,1,257,generation-iii,0,0,0,1,1,0,0,0
257,blaziken,blaziken-mega,0,10050,generation-iii,0,0,0,1,1,1,0,0
258,mudkip,mudkip,1,258,generation-iii,0,0,0,0,0,0,0,0
259,marshtomp,marshtomp,1,259,generation-iii,0,0,0,0,0,0,0,0
260,swampert,swampert,1,260,generation-iii,0,0,0,0,1,0,0,0
260,swampert,swampert-mega,0,10064,generation-iii,0,0,0,0,1,1,0,0
261,poochyena,poochyena,1,261,generation-iii,0,0,0,0,0,0,0,0
262,mightyena,mightyena,1,262,generation-iii,0,0,0,0,0,0,0,0
263,zigzagoon,zigzagoon,1,263,generation-iii,0,0,0,0,0,0,0,0
263,zigzagoon,zigzagoon-galar,0,10174,generation-iii,0,0,0,0,0,0,0,1
264,linoone,linoone,1,264,generation-iii,0,0,0,0,0,0,0,0
264,linoone,linoone-galar,0,10175,generation-iii,0,0,0,0,0,0,0,1
265,wurmple,wurmple,1,265,generation-iii,0,0,0,0,0,0,0,0
266,silcoon,silcoon,1,266,generation-iii,0,0,0,0,0,0,0,0
267,beautifly,beautifly,1,267,generation-iii,0,0,0,1,0,0,0,0
268,cascoon,cascoon,1,268,generation-iii,0,0,0,0,0,0,0,0
269,dustox,dustox,1,269,generation-iii,0,0,0,1,0,0,0,0
270,lotad,lotad,1,270,generation-iii,0,0,0,0,0,0,0,0
271,lombre,lombre,1,271,generation-iii,0,0,0,0,0,0,0,0
272,ludicolo,ludicolo,1,272,generation-iii,0,0,0,1,0,0,0,0
273,seedot,seedot,1,273,generation-iii,0,0,0,0,0,0,0,0
274,nuzleaf,nuzleaf,1,274,generation-iii,0,0,0,1,0,0,0,0
275,shiftry,shiftry,1,275,generation-iii,0,0,0,1,0,0,0,0
276,taillow,taillow,1,276,generation-iii,0,0,0,0,0,0,0,0
277,swellow,swellow,1,277,generation-iii,0,0,0,0,0,0,0,0
278,wingull,wingull,1,278,generation-iii,0,0,0,0,0,0,0,0
279,pelipper,pelipper,1,279,generation-iii,0,0,0,0,0,0,0,0
280,ralts,ralts,1,280,generation-iii,0,0,0,0,0,0,0,0
281,kirlia,kirlia,1,281,generation-iii,0,0,0,0,0,0,0,0
282,gardevoir,gardevoir,1,282,generation-iii,0,0,0,0,1,0,0,0
282,gardevoir,gardevoir-mega,0,10051,generation-iii,0,0,0,0,1,1,0,0
283,surskit,surskit,1,283,generation-iii,0,0,0,0,0,0,0,0
284,masquerain,masquerain,1,284,generation-iii,0,0,0,0,0,0,0,0
285,shroomish,shroomish,1,285,generation-iii,0,0,0,0,0,0,0,0
286,breloom,breloom,1,286,generation-iii,0,0,0,0,0,0,0,0
287,slakoth,slakoth,1,287,generation-iii,0,0,0,0,0,0,0,0
288,vigoroth,vigoroth,1,288,generation-iii,0,0,0,0,0,0,0,0
289,slaking,slaking,1,289,generation-iii,0,0,0,0,0,0,0,0
290,nincada,nincada,1,290,generation-iii,0,0,0,0,0,0,0,0
291,ninjask,ninjask,1,291,generation-iii,0,0,0,0,0,0,0,0
292,shedinja,shedinja,1,292,generation-iii,0,0,0,0,0,0,0,0
293,whismur,whismur,1,293,generation-iii,0,0,0,0,0,0,0,0
294,loudred,loudred,1,294,generation-iii,0,0,0,0,0,0,0,0
295,exploud,exploud,1,295,generation-iii,0,0,0,0,0,0,0,0
296,makuhita,makuhita,1,296,generation-iii,0,0,0,0,0,0,0,0
297,hariyama,hariyama,1,297,generation-iii,0,0,0,0,0,0,0,0
298,azurill,azurill,1,298,generation-iii,0,0,1,0,0,0,0,0
299,nosepass,nosepass,1,299,generation-iii,0,0,0,0,0,0,0,0
300,skitty,skitty,1,300,generation-iii,0,0,0,0,0,0,0,0
301,delcatty,delcatty,1,301,generation-iii,0,0,0,0,0,0,0,0
302,sableye,sableye,1,302,generation-iii,0,0,0,0,1,0,0,0
302,sableye,sableye-mega,0,10066,generation-iii,0,0,0,0,1,1,0,0
303,mawile,mawile,1,303,generation-iii,0,0,0,0,1,0,0,0
303,mawile,mawile-mega,0,10052,generation-iii,0,0,0,0,1,1,0,0
304,aron,aron,1,304,generation-iii,0,0,0,0,0,0,0,0
305,lairon,lairon,1,305,generation-iii,0,0,0,0,0,0,0,0
306,aggron,aggron,1,306,generation-iii,0,0,0,0,1,0,0,0
306,aggron,aggron-mega,0,10053,generation-iii,0,0,0,0,1,1,0,0
307,meditite,meditite,1,307,generation-iii,0,0,0,1,0,0,0,0
308,medicham,medicham,1,308,generation-iii,0,0,0,1,1,0,0,0
308,medicham,medicham-mega,0,10054,generation-iii,0,0,0,1,1,1,0,0
309,electrike,electrike,1,309,generation-iii,0,0,0,0,0,0,0,0
310,manectric,manectric,1,310,generation-iii,0,0,0,0,1,0,0,0
310,manectric,manectric-mega,0,10055,generation-iii,0,0,0,0,1,1,0,0
311,plusle,plusle,1,311,generation-iii,0,0,0,0,0,0,0,0
312,minun,minun,1,312,generation-iii,0,0,0,0,0,0,0,0
313,volbeat,volbeat,1,313,generation-iii,0,0,0,0,0,0,0,0
314,illumise,illumise,1,314,generation-iii,0,0,0,0,0,0,0,0
315,roselia,roselia,1,315,generation-iii,0,0,0,1,0,0,0,0
316,gulpin,gulpin,1,316,generation-iii,0,0,0,1,0,0,0,0
317,swalot,swalot,1,317,generation-iii,0,0,0,1,0,0,0,0
318,carvanha,carvanha,1,318,generation-iii,0,0,0,0,0,0,0,0
319,sharpedo,sharpedo,1,319,generation-iii,0,0,0,0,1,0,0,0
319,sharpedo,sharpedo-mega,0,10070,generation-iii,0,0,0,0,1,1,0,0
320,wailmer,wailmer,1,320,generation-iii,0,0,0,0,0,0,0,0
321,wailord,wailord,1,321,generation-iii,0,0,0,0,0,0,0,0
322,numel,numel,1,322,generation-iii,0,0,0,1,0,0,0,0
323,camerupt,camerupt,1,323,generation-iii,0,0,0,1,1,0,0,0
323,camerupt,camerupt-mega,0,10087,generation-iii,0,0,0,1,1,1,0,0
324,torkoal,torkoal,1,324,generation-iii,0,0,0,0,0,0,0,0
325,spoink,spoink,1,325,generation-iii,0,0,0,0,0,0,0,0
326,grumpig,grumpig,1,326,generation-iii,0,0,0,0,0,0,0,0
327,spinda,spinda,1,327,generation-iii,0,0,0,0,0,0,0,0
328,trapinch,trapinch,1,328,generation-iii,0,0,0,0,0,0,0,0
329,vibrava,vibrava,1,329,generation-iii,0,0,0,0,0,0,0,0
330,flygon,flygon,1,330,generation-iii,0,0,0,0,0,0,0,0
331,cacnea,cacnea,1,331,generation-iii,0,0,0,0,0,0,0,0
332,cacturne,cacturne,1,332,generation-iii,0,0,0,1,0,0,0,0
333,swablu,swablu,1,333,generation-iii,0,0,0,0,0,0,0,0
334,altaria,altaria,1,334,generation-iii,0,0,0,0,1,0,0,0
334,altaria,altaria-mega,0,10067,generation-iii,0,0,0,0,1,1,0,0
335,zangoose,zangoose,1,335,generation-iii,0,0,0,0,0,0,0,0
336,seviper,seviper,1,336,generation-iii,0,0,0,0,0,0,0,0
337,lunatone,lunatone,1,337,generation-iii,0,0,0,0,0,0,0,0
338,solrock,solrock,1,338,generation-iii,0,0,0,0,0,0,0,0
339,barboach,barboach,1,339,generation-iii,0,0,0,0,0,0,0,0
340,whiscash,whiscash,1,340,generation-iii,0,0,0,0,0,0,0,0
341,corphish,corphish,1,341,generation-iii,0,0,0,0,0,0,0,0
342,crawdaunt,crawdaunt,1,342,generation-iii,0,0,0,0,0,0,0,0
343,baltoy,baltoy,1,343,generation-iii,0,0,0,0,0,0,0,0
344,claydol,claydol,1,344,generation-iii,0,0,0,0,0,0,0,0
345,lileep,lileep,1,345,generation-iii,0,0,0,0,0,0,0,0
346,cradily,cradily,1,346,generation-iii,0,0,0,0,0,0,0,0
347,anorith,anorith,1,347,generation-iii,0,0,0,0,0,0,0,0
348,armaldo,armaldo,1,348,generation-iii,0,0,0,0,0,0,0,0
349,feebas,feebas,1,349,generation-iii,0,0,0,0,0,0,0,0
350,milotic,milotic,1,350,generation-iii,0,0,0,1,0,0,0,0
351,castform,castform,1,351,generation-iii,0,0,0,0,1,0,0,0
351,castform,castform-sunny,0,10013,generation-iii,0,0,0,0,1,0,0,0
351,castform,castform-rainy,0,10014,generation-iii,0,0,0,0,1,0,0,0
351,castform,castform-snowy,0,10015,generation-iii,0,0,0,0,1,0,0,0
352,kecleon,kecleon,1,352,generation-iii,0,0,0,0,0,0,0,0
353,shuppet,shuppet,1,353,generation-iii,0,0,0,0,0,0,0,0
354,banette,banette,1,354,generation-iii,0,0,0,0,1,0,0,0
354,banette,banette-mega,0,10056,generation-iii,0,0,0,0,1,1,0,0
355,duskull,duskull,1,355,generation-iii,0,0,0,0,0,0,0,0
356,dusclops,dusclops,1,356,generation-iii,0,0,0,0,0,0,0,0
357,tropius,tropius,1,357,generation-iii,0,0,0,0,0,0,0,0
358,chimecho,chimecho,1,358,generation-iii,0,0,0,0,0,0,0,0
359,absol,absol,1,359,generation-iii,0,0,0,0,1,0,0,0
359,absol,absol-mega,0,10057,generation-iii,0,0,0,0,1,1,0,0
360,wynaut,wynaut,1,360,generation-iii,0,0,1,0,0,0,0,0
361,snorunt,snorunt,1,361,generation-iii,0,0,0,0,0,0,0,0
362,glalie,glalie,1,362,generation-iii,0,0,0,0,1,0,0,0
362,glalie,glalie-mega,0,10074,generation-iii,0,0,0,0,1,1,0,0
363,spheal,spheal,1,363,generation-iii,0,0,0,0,0,0,0,0
364,sealeo,sealeo,1,364,generation-iii,0,0,0,0,0,0,0,0
365,walrein,walrein,1,365,generation-iii,0,0,0,0,0,0,0,0
366,clamperl,clamperl,1,366,generation-iii,0,0,0,0,0,0,0,0
367,huntail,huntail,1,367,generation-iii,0,0,0,0,0,0,0,0
368,gorebyss,gorebyss,1,368,generation-iii,0,0,0,0,0,0,0,0
369,relicanth,relicanth,1,369,generation-iii,0,0,0,1,0,0,0,0
370,luvdisc,luvdisc,1,370,generation-iii,0,0,0,0,0,0,0,0
371,bagon,bagon,1,371,generation-iii,0,0,0,0,0,0,0,0
372,shelgon,shelgon,1,372,generation-iii,0,0,0,0,0,0,0,0
373,salamence,salamence,1,373,generation-iii,0,0,0,0,1,0,0,0
373,salamence,salamence-mega,0,10089,generation-iii,0,0,0,0,1,1,0,0
374,beldum,beldum,1,374,generation-iii,0,0,0,0,0,0,0,0
375,metang,metang,1,375,generation-iii,0,0,0,0,0,0,0,0
376,metagross,metagross,1,376,generation-iii,0,0,0,0,1,0,0,0
376,metagross,metagross-mega,0,10076,generation-iii,0,0,0,0,1,1,0,0
377,regirock,regirock,1,377,generation-iii,1,0,0,0,0,0,0,0
378,regice,regice,1,378,generation-iii,1,0,0,0,0,0,0,0
379,registeel,registeel,1,379,generation-iii,1,0,0,0,0,0,0,0
380,latias,latias,1,380,generation-iii,1,0,0,0,1,0,0,0
380,latias,latias-mega,0,10062,generation-iii,1,0,0,0,1,1,0,0
381,latios,latios,1,381,generation-iii,1,0,0,0,1,0,0,0
381,latios,latios-mega,0,10063,generation-iii,1,0,0,0,1,1,0,0
382,kyogre,kyogre,1,382,generation-iii,1,0,0,0,1,0,0,0
382,kyogre,kyogre-primal,0,10077,generation-iii,1,0,0,0,1,0,0,0
383,groudon,groudon,1,383,generation-iii,1,0,0,0,1,0,0,0
383,groudon,groudon-primal,0,10078,generation-iii,1,0,0,0,1,0,0,0
384,rayquaza,rayquaza,1,384,generation-iii,1,0,0,0,1,0,0,0
384,rayquaza,rayquaza-mega,0,10079,generation-iii,1,0,0,0,1,1,0,0
385,jirachi,jirachi,1,385,generation-iii,0,1,0,0,0,0,0,0
386,deoxys,deoxys-normal,1,386,generation-iii,0,1,0,0,1,0,0,0
386,deoxys,deoxys-attack,0,10001,generation-iii,0,1,0,0,1,0,0,0
386,deoxys,deoxys-defense,0,10002,generation-iii,0,1,0,0,1,0,0,0
386,deoxys,deoxys-speed,0,10003,generation-iii,0,1,0,0,1,0,0,0
387,turtwig,turtwig,1,387,generation-iv,0,0,0,0,0,0,0,0
388,grotle,grotle,1,388,generation-iv,0,0,0,0,0,0,0,0
389,torterra,torterra,1,389,generation-iv,0,0,0,0,0,0,0,0
390,chimchar,chimchar,1,390,generation-iv,0,0,0,0,0,0,0,0
391,monferno,monferno,1,391,generation-iv,0,0,0,0,0,0,0,0
392,infernape,infernape,1,392,generation-iv,0,0,0,0,0,0,0,0
393,piplup,piplup,1,393,generation-iv,0,0,0,0,0,0,0,0
394,prinplup,prinplup,1,394,generation-iv,0,0,0,0,0,0,0,0
395,empoleon,empoleon,1,395,generation-iv,0,0,0,0,0,0,0,0
396,starly,starly,1,396,generation-iv,0,0,0,1,0,0,0,0
397,staravia,staravia,1,397,generation-iv,0,0,0,1,0,0,0,0
398,staraptor,staraptor,1,398,generation-iv,0,0,0,1,0,0,0,0
399,bidoof,bidoof,1,399,generation-iv,0,0,0,1,0,0,0,0
400,bibarel,bibarel,1,400,generation-iv,0,0,0,1,0,0,0,0
401,kricketot,kricketot,1,401,generation-iv,0,0,0,1,0,0,0,0
402,kricketune,kricketune,1,402,generation-iv,0,0,0,1,0,0,0,0
403,shinx,shinx,1,403,generation-iv,0,0,0,1,0,0,0,0
404,luxio,luxio,1,404,generation-iv,0,0,0,1,0,0,0,0
405,luxray,luxray,1,405,generation-iv,0,0,0,1,0,0,0,0
406,budew,budew,1,406,generation-iv,0,0,1,0,0,0,0,0
407,roserade,roserade,1,407,generation-iv,0,0,0,1,0,0,0,0
408,cranidos,cranidos,1,408,generation-iv,0,0,0,0,0,0,0,0
409,rampardos,rampardos,1,409,generation-iv,0,0,0,0,0,0,0,0
410,shieldon,shieldon,1,410,generation-iv,0,0,0,0,0,0,0,0
411,bastiodon,bastiodon,1,411,generation-iv,0,0,0,0,0,0,0,0
412,burmy,burmy,1,412,generation-iv,0,0,0,0,1,0,0,0
413,wormadam,wormadam-plant,1,413,generation-iv,0,0,0,0,0,0,0,0
413,wormadam,wormadam-sandy,0,10004,generation-iv,0,0,0,0,0,0,0,0
413,wormadam,wormadam-trash,0,10005,generation-iv,0,0,0,0,0,0,0,0
414,mothim,mothim,1,414,generation-iv,0,0,0,0,0,0,0,0
415,combee,combee,1,415,generation-iv,0,0,0,1,0,0,0,0
416,vespiquen,vespiquen,1,416,generation-iv,0,0,0,0,0,0,0,0
417,pachirisu,pachirisu,1,417,generation-iv,0,0,0,1,0,0,0,0
418,buizel,buizel,1,418,generation-iv,0,0,0,1,0,0,0,0
419,floatzel,floatzel,1,419,generation-iv,0,0,0,1,0,0,0,0
420,cherubi,cherubi,1,420,generation-iv,0,0,0,0,0,0,0,0
421,cherrim,cherrim,1,421,generation-iv,0,0,0,0,1,0,0,0
422,shellos,shellos,1,422,generation-iv,0,0,0,0,0,0,0,0
423,gastrodon,gastrodon,1,423,generation-iv,0,0,0,0,0,0,0,0
424,ambipom,ambipom,1,424,generation-iv,0,0,0,1,0,0,0,0
425,drifloon,drifloon,1,425,generation-iv,0,0,0,0,0,0,0,0
426,drifblim,drifblim,1,426,generation-iv,0,0,0,0,0,0,0,0
427,buneary,buneary,1,427,generation-iv,0,0,0,0,0,0,0,0
428,lopunny,lopunny,1,428,generation-iv,0,0,0,0,1,0,0,0
428,lopunny,lopunny-mega,0,10088,generation-iv,0,0,0,0,1,1,0,0
429,mismagius,mismagius,1,429,generation-iv,0,0,0,0,0,0,0,0
430,honchkrow,honchkrow,1,430,generation-iv,0,0,0,0,0,0,0,0
431,glameow,glameow,1,431,generation-iv,0,0,0,0,0,0,0,0
432,purugly,purugly,1,432,generation-iv,0,0,0,0,0,0,0,0
433,chingling,chingling,1,433,generation-iv,0,0,1,0,0,0,0,0
434,stunky,stunky,1,434,generation-iv,0,0,0,0,0,0,0,0
435,skuntank,skuntank,1,435,generation-iv,0,0,0,0,0,0,0,0
436,bronzor,bronzor,1,436,generation-iv,0,0,0,0,0,0,0,0
437,bronzong,bronzong,1,437,generation-iv,0,0,0,0,0,0,0,0
438,bonsly,bonsly,1,438,generation-iv,0,0,1,0,0,0,0,0
439,mime-jr,mime-jr,1,439,generation-iv,0,0,1,0,0,0,0,0
440,happiny,happiny,1,440,generation-iv,0,0,1,0,0,0,0,0
441,chatot,chatot,1,441,generation-iv,0,0,0,0,0,0,0,0
442,spiritomb,spiritomb,1,442,generation-iv,0,0,0,0,0,0,0,0
443,gible,gible,1,443,generation-iv,0,0,0,1,0,0,0,0
444,gabite,gabite,1,444,generation-iv,0,0,0,1,0,0,0,0
445,garchomp,garchomp,1,445,generation-iv,0,0,0,1,1,0,0,0
445,garchomp,garchomp-mega,0,10058,generation-iv,0,0,0,1,1,1,0,0
446,munchlax,munchlax,1,446,generation-iv,0,0,1,0,0,0,0,0
447,riolu,riolu,1,447,generation-iv,0,0,1,0,0,0,0,0
448,lucario,lucario,1,448,generation-iv,0,0,0,0,1,0,0,0
448,lucario,lucario-mega,0,10059,generation-iv,0,0,0,0,1,1,0,0
449,hippopotas,hippopotas,1,449,generation-iv,0,0,0,1,0,0,0,0
450,hippowdon,hippowdon,1,450,generation-iv,0,0,0,1,0,0,0,0
451,skorupi,skorupi,1,451,generation-iv,0,0,0,0,0,0,0,0
452,drapion,drapion,1,452,generation-iv,0,0,0,0,0,0,0,0
453,croagunk,croagunk,1,453,generation-iv,0,0,0,1,0,0,0,0
454,toxicroak,toxicroak,1,454,generation-iv,0,0,0,1,0,0,0,0
455,carnivine,carnivine,1,455,generation-iv,0,0,0,0,0,0,0,0
456,finneon,finneon,1,456,generation-iv,0,0,0,1,0,0,0,0
457,lumineon,lumineon,1,457,generation-iv,0,0,0,1,0,0,0,0
458,mantyke,mantyke,1,458,generation-iv,0,0,1,0,0,0,0,0
459,snover,snover,1,459,generation-iv,0,0,0,1,0,0,0,0
460,abomasnow,abomasnow,1,460,generation-iv,0,0,0,1,1,0,0,0
460,abomasnow,abomasnow-mega,0,10060,generation-iv,0,0,0,1,1,1,0,0
461,weavile,weavile,1,461,generation-iv,0,0,0,1,0,0,0,0
462,magnezone,magnezone,1,462,generation-iv,0,0,0,0,0,0,0,0
463,lickilicky,lickilicky,1,463,generation-iv,0,0,0,0,0,0,0,0
464,rhyperior,rhyperior,1,464,generation-iv,0,0,0,1,0,0,0,0
465,tangrowth,tangrowth,1,465,generation-iv,0,0,0,1,0,0,0,0
466,electivire,electivire,1,466,generation-iv,0,0,0,0,0,0,0,0
467,magmortar,magmortar,1,467,generation-iv,0,0,0,0,0,0,0,0
468,togekiss,togekiss,1,468,generation-iv,0,0,0,0,0,0,0,0
469,yanmega,yanmega,1,469,generation-iv,0,0,0,0,0,0,0,0
470,leafeon,leafeon,1,470,generation-iv,0,0,0,0,0,0,0,0
471,glaceon,glaceon,1,471,generation-iv,0,0,0,0,0,0,0,0
472,gliscor,gliscor,1,472,generation-iv,0,0,0,0,0,0,0,0
473,mamoswine,mamoswine,1,473,generation-iv,0,0,0,1,0,0,0,0
474,porygon-z,porygon-z,1,474,generation-iv,0,0,0,0,0,0,0,0
475,gallade,gallade,1,475,generation-iv,0,0,0,0,1,0,0,0
475,gallade,gallade-mega,0,10068,generation-iv,0,0,0,0,1,1,0,0
476,probopass,probopass,1,476,generation-iv,0,0,0,0,0,0,0,0
477,dusknoir,dusknoir,1,477,generation-iv,0,0,0,0,0,0,0,0
478,froslass,froslass,1,478,generation-iv,0,0,0,0,0,0,0,0
478,froslass,froslass-mega,0,10285,generation-iv,0,0,0,0,0,1,0,0
479,rotom,rotom,1,479,generation-iv,0,0,0,0,1,0,0,0
479,rotom,rotom-heat,0,10008,generation-iv,0,0,0,0,1,0,0,0
479,rotom,rotom-wash,0,10009,generation-iv,0,0,0,0,1,0,0,0
479,rotom,rotom-frost,0,10010,generation-iv,0,0,0,0,1,0,0,0
479,rotom,rotom-fan,0,10011,generation-iv,0,0,0,0,1,0,0,0
479,rotom,rotom-mow,0,10012,generation-iv,0,0,0,0,1,0,0,0
480,uxie,uxie,1,480,generation-iv,1,0,0,0,0,0,0,0
481,mesprit,mesprit,1,481,generation-iv,1,0,0,0,0,0,0,0
482,azelf,azelf,1,482,generation-iv,1,0,0,0,0,0,0,0
483,dialga,dialga,1,483,generation-iv,1,0,0,0,0,0,0,0
483,dialga,dialga-origin,0,10245,generation-iv,1,0,0,0,0,0,0,0
484,palkia,palkia,1,484,generation-iv,1,0,0,0,0,0,0,0
484,palkia,palkia-origin,0,10246,generation-iv,1,0,0,0,0,0,0,0
485,heatran,heatran,1,485,generation-iv,1,0,0,0,0,0,0,0
486,regigigas,regigigas,1,486,generation-iv,1,0,0,0,0,0,0,0
487,giratina,giratina-altered,1,487,generation-iv,1,0,0,0,1,0,0,0
487,giratina,giratina-origin,0,10007,generation-iv,1,0,0,0,1,0,0,0
488,cresselia,cresselia,1,488,generation-iv,1,0,0,0,0,0,0,0
489,phione,phione,1,489,generation-iv,0,1,0,0,0,0,0,0
490,manaphy,manaphy,1,490,generation-iv,0,1,0,0,0,0,0,0
491,darkrai,darkrai,1,491,generation-iv,0,1,0,0,0,0,0,0
492,shaymin,shaymin-land,1,492,generation-iv,0,1,0,0,1,0,0,0
492,shaymin,shaymin-sky,0,10006,generation-iv,0,1,0,0,1,0,0,0
493,arceus,arceus,1,493,generation-iv,0,1,0,0,1,0,0,0
494,victini,victini,1,494,generation-v,0,1,0,0,0,0,0,0
495,snivy,snivy,1,495,generation-v,0,0,0,0,0,0,0,0
496,servine,servine,1,496,generation-v,0,0,0,0,0,0,0,0
497,serperior,serperior,1,497,generation-v,0,0,0,0,0,0,0,0
498,tepig,tepig,1,498,generation-v,0,0,0,0,0,0,0,0
499,pignite,pignite,1,499,generation-v,0,0,0,0,0,0,0,0
500,emboar,emboar,1,500,generation-v,0,0,0,0,0,0,0,0
500,emboar,emboar-mega,0,10286,generation-v,0,0,0,0,0,1,0,0
501,oshawott,oshawott,1,501,generation-v,0,0,0,0,0,0,0,0
502,dewott,dewott,1,502,generation-v,0,0,0,0,0,0,0,0
503,samurott,samurott,1,503,generation-v,0,0,0,0,0,0,0,0
503,samurott,samurott-hisui,0,10236,generation-v,0,0,0,0,0,0,0,1
504,patrat,patrat,1,504,generation-v,0,0,0,0,0,0,0,0
505,watchog,watchog,1,505,generation-v,0,0,0,0,0,0,0,0
506,lillipup,lillipup,1,506,generation-v,0,0,0,0,0,0,0,0
507,herdier,herdier,1,507,generation-v,0,0,0,0,0,0,0,0
508,stoutland,stoutland,1,508,generation-v,0,0,0,0,0,0,0,0
509,purrloin,purrloin,1,509,generation-v,0,0,0,0,0,0,0,0
510,liepard,liepard,1,510,generation-v,0,0,0,0,0,0,0,0
511,pansage,pansage,1,511,generation-v,0,0,0,0,0,0,0,0
512,simisage,simisage,1,512,generation-v,0,0,0,0,0,0,0,0
513,pansear,pansear,1,513,generation-v,0,0,0,0,0,0,0,0
514,simisear,simisear,1,514,generation-v,0,0,0,0,0,0,0,0
515,panpour,panpour,1,515,generation-v,0,0,0,0,0,0,0,0
516,simipour,simipour,1,516,generation-v,0,0,0,0,0,0,0,0
517,munna,munna,1,517,generation-v,0,0,0,0,0,0,0,0
518,musharna,musharna,1,518,generation-v,0,0,0,0,0,0,0,0
519,pidove,pidove,1,519,generation-v,0,0,0,0,0,0,0,0
520,tranquill,tranquill,1,520,generation-v,0,0,0,0,0,0,0,0
521,unfezant,unfezant,1,521,generation-v,0,0,0,1,0,0,0,0
522,blitzle,blitzle,1,522,generation-v,0,0,0,0,0,0,0,0
523,zebstrika,zebstrika,1,523,generation-v,0,0,0,0,0,0,0,0
524,roggenrola,roggenrola,1,524,generation-v,0,0,0,0,0,0,0,0
525,boldore,boldore,1,525,generation-v,0,0,0,0,0,0,0,0
526,gigalith,gigalith,1,526,generation-v,0,0,0,0,0,0,0,0
527,woobat,woobat,1,527,generation-v,0,0,0,0,0,0,0,0
528,swoobat,swoobat,1,528,generation-v,0,0,0,0,0,0,0,0
529,drilbur,drilbur,1,529,generation-v,0,0,0,0,0,0,0,0
530,excadrill,excadrill,1,530,generation-v,0,0,0,0,0,0,0,0
530,excadrill,excadrill-mega,0,10287,generation-v,0,0,0,0,0,1,0,0
531,audino,audino,1,531,generation-v,0,0,0,0,1,0,0,0
531,audino,audino-mega,0,10069,generation-v,0,0,0,0,1,1,0,0
532,timburr,timburr,1,532,generation-v,0,0,0,0,0,0,0,0
533,gurdurr,gurdurr,1,533,generation-v,0,0,0,0,0,0,0,0
534,conkeldurr,conkeldurr,1,534,generation-v,0,0,0,0,0,0,0,0
535,tympole,tympole,1,535,generation-v,0,0,0,0,0,0,0,0
536,palpitoad,palpitoad,1,536,generation-v,0,0,0,0,0,0,0,0
537,seismitoad,seismitoad,1,537,generation-v,0,0,0,0,0,0,0,0
538,throh,throh,1,538,generation-v,0,0,0,0,0,0,0,0
539,sawk,sawk,1,539,generation-v,0,0,0,0,0,0,0,0
540,sewaddle,sewaddle,1,540,generation-v,0,0,0,0,0,0,0,0
541,swadloon,swadloon,1,541,generation-v,0,0,0,0,0,0,0,0
542,leavanny,leavanny,1,542,generation-v,0,0,0,0,0,0,0,0
543,venipede,venipede,1,543,generation-v,0,0,0,0,0,0,0,0
544,whirlipede,whirlipede,1,544,generation-v,0,0,0,0,0,0,0,0
545,scolipede,scolipede,1,545,generation-v,0,0,0,0,0,0,0,0
545,scolipede,scolipede-mega,0,10288,generation-v,0,0,0,0,0,1,0,0
546,cottonee,cottonee,1,546,generation-v,0,0,0,0,0,0,0,0
547,whimsicott,whimsicott,1,547,generation-v,0,0,0,0,0,0,0,0
548,petilil,petilil,1,548,generation-v,0,0,0,0,0,0,0,0
549,lilligant,lilligant,1,549,generation-v,0,0,0,0,0,0,0,0
549,lilligant,lilligant-hisui,0,10237,generation-v,0,0,0,0,0,0,0,1
550,basculin,basculin-red-striped,1,550,generation-v,0,0,0,0,0,0,0,0
550,basculin,basculin-blue-striped,0,10016,generation-v,0,0,0,0,0,0,0,0
550,basculin,basculin-white-striped,0,10247,generation-v,0,0,0,0,0,0,0,0
551,sandile,sandile,1,551,generation-v,0,0,0,0,0,0,0,0
552,krokorok,krokorok,1,552,generation-v,0,0,0,0,0,0,0,0
553,krookodile,krookodile,1,553,generation-v,0,0,0,0,0,0,0,0
554,darumaka,darumaka,1,554,generation-v,0,0,0,0,0,0,0,0
554,darumaka,darumaka-galar,0,10176,generation-v,0,0,0,0,0,0,0,1
555,darmanitan,darmanitan-standard,1,555,generation-v,0,0,0,0,1,0,0,0
555,darmanitan,darmanitan-zen,0,10017,generation-v,0,0,0,0,1,0,0,0
555,darmanitan,darmanitan-galar-standard,0,10177,generation-v,0,0,0,0,1,0,0,1
555,darmanitan,darmanitan-galar-zen,0,10178,generation-v,0,0,0,0,1,0,0,1
556,maractus,maractus,1,556,generation-v,0,0,0,0,0,0,0,0
557,dwebble,dwebble,1,557,generation-v,0,0,0,0,0,0,0,0
558,crustle,crustle,1,558,generation-v,0,0,0,0,0,0,0,0
559,scraggy,scraggy,1,559,generation-v,0,0,0,0,0,0,0,0
560,scrafty,scrafty,1,560,generation-v,0,0,0,0,0,0,0,0
560,scrafty,scrafty-mega,0,10289,generation-v,0,0,0,0,0,1,0,0
561,sigilyph,sigilyph,1,561,generation-v,0,0,0,0,0,0,0,0
562,yamask,yamask,1,562,generation-v,0,0,0,0,0,0,0,0
562,yamask,yamask-galar,0,10179,generation-v,0,0,0,0,0,0,0,1
563,cofagrigus,cofagrigus,1,563,generation-v,0,0,0,0,0,0,0,0
564,tirtouga,tirtouga,1,564,generation-v,0,0,0,0,0,0,0,0
565,carracosta,carracosta,1,565,generation-v,0,0,0,0,0,0,0,0
566,archen,archen,1,566,generation-v,0,0,0,0,0,0,0,0
567,archeops,archeops,1,567,generation-v,0,0,0,0,0,0,0,0
568,trubbish,trubbish,1,568,generation-v,0,0,0,0,0,0,0,0
569,garbodor,garbodor,1,569,generation-v,0,0,0,0,0,0,0,0
569,garbodor,garbodor-gmax,0,10207,generation-v,0,0,0,0,0,0,1,0
570,zorua,zorua,1,570,generation-v,0,0,0,0,0,0,0,0
570,zorua,zorua-hisui,0,10238,generation-v,0,0,0,0,0,0,0,1
571,zoroark,zoroark,1,571,generation-v,0,0,0,0,0,0,0,0
571,zoroark,zoroark-hisui,0,10239,generation-v,0,0,0,0,0,0,0,1
572,minccino,minccino,1,572,generation-v,0,0,0,0,0,0,0,0
573,cinccino,cinccino,1,573,generation-v,0,0,0,0,0,0,0,0
574,gothita,gothita,1,574,generation-v,0,0,0,0,0,0,0,0
575,gothorita,gothorita,1,575,generation-v,0,0,0,0,0,0,0,0
576,gothitelle,gothitelle,1,576,generation-v,0,0,0,0,0,0,0,0
577,solosis,solosis,1,577,generation-v,0,0,0,0,0,0,0,0
578,duosion,duosion,1,578,generation-v,0,0,0,0,0,0,0,0
579,reuniclus,reuniclus,1,579,generation-v,0,0,0,0,0,0,0,0
580,ducklett,ducklett,1,580,generation-v,0,0,0,0,0,0,0,0
581,swanna,swanna,1,581,generation-v,0,0,0,0,0,0,0,0
582,vanillite,vanillite,1,582,generation-v,0,0,0,0,0,0,0,0
583,vanillish,vanillish,1,583,generation-v,0,0,0,0,0,0,0,0
584,vanilluxe,vanilluxe,1,584,generation-v,0,0,0,0,0,0,0,0
585,deerling,deerling,1,585,generation-v,0,0,0,0,1,0,0,0
586,sawsbuck,sawsbuck,1,586,generation-v,0,0,0,0,1,0,0,0
587,emolga,emolga,1,587,generation-v,0,0,0,0,0,0,0,0
588,karrablast,karrablast,1,588,generation-v,0,0,0,0,0,0,0,0
589,escavalier,escavalier,1,589,generation-v,0,0,0,0,0,0,0,0
590,foongus,foongus,1,590,generation-v,0,0,0,0,0,0,0,0
591,amoonguss,amoonguss,1,591,generation-v,0,0,0,0,0,0,0,0
592,frillish,frillish,1,592,generation-v,0,0,0,1,0,0,0,0
593,jellicent,jellicent,1,593,generation-v,0,0,0,1,0,0,0,0
594,alomomola,alomomola,1,594,generation-v,0,0,0,0,0,0,0,0
595,joltik,joltik,1,595,generation-v,0,0,0,0,0,0,0,0
596,galvantula,galvantula,1,596,generation-v,0,0,0,0,0,0,0,0
597,ferroseed,ferroseed,1,597,generation-v,0,0,0,0,0,0,0,0
598,ferrothorn,ferrothorn,1,598,generation-v,0,0,0,0,0,0,0,0
599,klink,klink,1,599,generation-v,0,0,0,0,0,0,0,0
600,klang,klang,1,600,generation-v,0,0,0,0,0,0,0,0
601,klinklang,klinklang,1,601,generation-v,0,0,0,0,0,0,0,0
602,tynamo,tynamo,1,602,generation-v,0,0,0,0,0,0,0,0
603,eelektrik,eelektrik,1,603,generation-v,0,0,0,0,0,0,0,0
604,eelektross,eelektross,1,604,generation-v,0,0,0,0,0,0,0,0
604,eelektross,eelektross-mega,0,10290,generation-v,0,0,0,0,0,1,0,0
605,elgyem,elgyem,1,605,generation-v,0,0,0,0,0,0,0,0
606,beheeyem,beheeyem,1,606,generation-v,0,0,0,0,0,0,0,0
607,litwick,litwick,1,607,generation-v,0,0,0,0,0,0,0,0
608,lampent,lampent,1,608,generation-v,0,0,0,0,0,0,0,0
609,chandelure,chandelure,1,609,generation-v,0,0,0,0,0,0,0,0
609,chandelure,chandelure-mega,0,10291,generation-v,0,0,0,0,0,1,0,0
610,axew,axew,1,610,generation-v,0,0,0,0,0,0,0,0
611,fraxure,fraxure,1,611,generation-v,0,0,0,0,0,0,0,0
612,haxorus,haxorus,1,612,generation-v,0,0,0,0,0,0,0,0
613,cubchoo,cubchoo,1,613,generation-v,0,0,0,0,0,0,0,0
614,beartic,beartic,1,614,generation-v,0,0,0,0,0,0,0,0
615,cryogonal,cryogonal,1,615,generation-v,0,0,0,0,0,0,0,0
616,shelmet,shelmet,1,616,generation-v,0,0,0,0,0,0,0,0
617,accelgor,accelgor,1,617,generation-v,0,0,0,0,0,0,0,0
618,stunfisk,stunfisk,1,618,generation-v,0,0,0,0,0,0,0,0
618,stunfisk,stunfisk-galar,0,10180,generation-v,0,0,0,0,0,0,0,1
619,mienfoo,mienfoo,1,619,generation-v,0,0,0,0,0,0,0,0
620,mienshao,mienshao,1,620,generation-v,0,0,0,0,0,0,0,0
621,druddigon,druddigon,1,621,generation-v,0,0,0,0,0,0,0,0
622,golett,golett,1,622,generation-v,0,0,0,0,0,0,0,0
623,golurk,golurk,1,623,generation-v,0,0,0,0,0,0,0,0
624,pawniard,pawniard,1,624,generation-v,0,0,0,0,0,0,0,0
625,bisharp,bisharp,1,625,generation-v,0,0,0,0,0,0,0,0
626,bouffalant,bouffalant,1,626,generation-v,0,0,0,0,0,0,0,0
627,rufflet,rufflet,1,627,generation-v,0,0,0,0,0,0,0,0
628,braviary,braviary,1,628,generation-v,0,0,0,0,0,0,0,0
628,braviary,braviary-hisui,0,10240,generation-v,0,0,0,0,0,0,0,1
629,vullaby,vullaby,1,629,generation-v,0,0,0,0,0,0,0,0
630,mandibuzz,mandibuzz,1,630,generation-v,0,0,0,0,0,0,0,0
631,heatmor,heatmor,1,631,generation-v,0,0,0,0,0,0,0,0
632,durant,durant,1,632,generation-v,0,0,0,0,0,0,0,0
633,deino,deino,1,633,generation-v,0,0,0,0,0,0,0,0
634,zweilous,zweilous,1,634,generation-v,0,0,0,0,0,0,0,0
635,hydreigon,hydreigon,1,635,generation-v,0,0,0,0,0,0,0,0
636,larvesta,larvesta,1,636,generation-v,0,0,0,0,0,0,0,0
637,volcarona,volcarona,1,637,generation-v,0,0,0,0,0,0,0,0
638,cobalion,cobalion,1,638,generation-v,1,0,0,0,0,0,0,0
639,terrakion,terrakion,1,639,generation-v,1,0,0,0,0,0,0,0
640,virizion,virizion,1,640,generation-v,1,0,0,0,0,0,0,0
641,tornadus,tornadus-incarnate,1,641,generation-v,1,0,0,0,1,0,0,0
641,tornadus,tornadus-therian,0,10019,generation-v,1,0,0,0,1,0,0,0
642,thundurus,thundurus-incarnate,1,642,generation-v,1,0,0,0,1,0,0,0
642,thundurus,thundurus-therian,0,10020,generation-v,1,0,0,0,1,0,0,0
643,reshiram,reshiram,1,643,generation-v,1,0,0,0,0,0,0,0
644,zekrom,zekrom,1,644,generation-v,1,0,0,0,0,0,0,0
645,landorus,landorus-incarnate,1,645,generation-v,1,0,0,0,1,0,0,0
645,landorus,landorus-therian,0,10021,generation-v,1,0,0,0,1,0,0,0
646,kyurem,kyurem,1,646,generation-v,1,0,0,0,1,0,0,0
646,kyurem,kyurem-black,0,10022,generation-v,1,0,0,0,1,0,0,0
646,kyurem,kyurem-white,0,10023,generation-v,1,0,0,0,1,0,0,0
647,keldeo,keldeo-ordinary,1,647,generation-v,0,1,0,0,1,0,0,0
647,keldeo,keldeo-resolute,0,10024,generation-v,0,1,0,0,1,0,0,0
648,meloetta,meloetta-aria,1,648,generation-v,0,1,0,0,1,0,0,0
648,meloetta,meloetta-pirouette,0,10018,generation-v,0,1,0,0,1,0,0,0
649,genesect,genesect,1,649,generation-v,0,1,0,0,1,0,0,0
650,chespin,chespin,1,650,generation-vi,0,0,0,0,0,0,0,0
651,quilladin,quilladin,1,651,generation-vi,0,0,0,0,0,0,0,0
652,chesnaught,chesnaught,1,652,generation-vi,0,0,0,0,0,0,0,0
652,chesnaught,chesnaught-mega,0,10292,generation-vi,0,0,0,0,0,1,0,0
653,fennekin,fennekin,1,653,generation-vi,0,0,0,0,0,0,0,0
654,braixen,braixen,1,654,generation-vi,0,0,0,0,0,0,0,0
655,delphox,delphox,1,655,generation-vi,0,0,0,0,0,0,0,0
655,delphox,delphox-mega,0,10293,generation-vi,0,0,0,0,0,1,0,0
656,froakie,froakie,1,656,generation-vi,0,0,0,0,0,0,0,0
657,frogadier,frogadier,1,657,generation-vi,0,0,0,0,0,0,0,0
658,greninja,greninja,1,658,generation-vi,0,0,0,0,0,0,0,0
658,greninja,greninja-battle-bond,0,10116,generation-vi,0,0,0,0,0,0,0,0
658,greninja,greninja-ash,0,10117,generation-vi,0,0,0,0,0,0,0,0
658,greninja,greninja-mega,0,10294,generation-vi,0,0,0,0,0,1,0,0
659,bunnelby,bunnelby,1,659,generation-vi,0,0,0,0,0,0,0,0
660,diggersby,diggersby,1,660,generation-vi,0,0,0,0,0,0,0,0
661,fletchling,fletchling,1,661,generation-vi,0,0,0,0,0,0,0,0
662,fletchinder,fletchinder,1,662,generation-vi,0,0,0,0,0,0,0,0
663,talonflame,talonflame,1,663,generation-vi,0,0,0,0,0,0,0,0
664,scatterbug,scatterbug,1,664,generation-vi,0,0,0,0,0,0,0,0
665,spewpa,spewpa,1,665,generation-vi,0,0,0,0,0,0,0,0
666,vivillon,vivillon,1,666,generation-vi,0,0,0,0,0,0,0,0
667,litleo,litleo,1,667,generation-vi,0,0,0,0,0,0,0,0
668,pyroar,pyroar,1,668,generation-vi,0,0,0,1,0,0,0,0
668,pyroar,pyroar-mega,0,10295,generation-vi,0,0,0,1,0,1,0,0
669,flabebe,flabebe,1,669,generation-vi,0,0,0,0,0,0,0,0
670,floette,floette,1,670,generation-vi,0,0,0,0,0,0,0,0
670,floette,floette-eternal,0,10061,generation-vi,0,0,0,0,0,0,0,0
670,floette,floette-mega,0,10296,generation-vi,0,0,0,0,0,1,0,0
671,florges,florges,1,671,generation-vi,0,0,0,0,0,0,0,0
672,skiddo,skiddo,1,672,generation-vi,0,0,0,0,0,0,0,0
673,gogoat,gogoat,1,673,generation-vi,0,0,0,0,0,0,0,0
674,pancham,pancham,1,674,generation-vi,0,0,0,0,0,0,0,0
675,pangoro,pangoro,1,675,generation-vi,0,0,0,0,0,0,0,0
676,furfrou,furfrou,1,676,generation-vi,0,0,0,0,1,0,0,0
677,espurr,espurr,1,677,generation-vi,0,0,0,0,0,0,0,0
678,meowstic,meowstic-male,1,678,generation-vi,0,0,0,1,0,0,0,0
678,meowstic,meowstic-female,0,10025,generation-vi,0,0,0,1,0,0,0,0
679,honedge,honedge,1,679,generation-vi,0,0,0,0,0,0,0,0
680,doublade,doublade,1,680,generation-vi,0,0,0,0,0,0,0,0
681,aegislash,aegislash-shield,1,681,generation-vi,0,0,0,0,1,0,0,0
681,aegislash,aegislash-blade,0,10026,generation-vi,0,0,0,0,1,0,0,0
682,spritzee,spritzee,1,682,generation-vi,0,0,0,0,0,0,0,0
683,aromatisse,aromatisse,1,683,generation-vi,0,0,0,0,0,0,0,0
684,swirlix,swirlix,1,684,generation-vi,0,0,0,0,0,0,0,0
685,slurpuff,slurpuff,1,685,generation-vi,0,0,0,0,0,0,0,0
686,inkay,inkay,1,686,generation-vi,0,0,0,0,0,0,0,0
687,malamar,malamar,1,687,generation-vi,0,0,0,0,0,0,0,0
687,malamar,malamar-mega,0,10297,generation-vi,0,0,0,0,0,1,0,0
688,binacle,binacle,1,688,generation-vi,0,0,0,0,0,0,0,0
689,barbaracle,barbaracle,1,689,generation-vi,0,0,0,0,0,0,0,0
689,barbaracle,barbaracle-mega,0,10298,generation-vi,0,0,0,0,0,1,0,0
690,skrelp,skrelp,1,690,generation-vi,0,0,0,0,0,0,0,0
691,dragalge,dragalge,1,691,generation-vi,0,0,0,0,0,0,0,0
691,dragalge,dragalge-mega,0,10299,generation-vi,0,0,0,0,0,1,0,0
692,clauncher,clauncher,1,692,generation-vi,0,0,0,0,0,0,0,0
693,clawitzer,clawitzer,1,693,generation-vi,0,0,0,0,0,0,0,0
694,helioptile,helioptile,1,694,generation-vi,0,0,0,0,0,0,0,0
695,heliolisk,heliolisk,1,695,generation-vi,0,0,0,0,0,0,0,0
696,tyrunt,tyrunt,1,696,generation-vi,0,0,0,0,0,0,0,0
697,tyrantrum,tyrantrum,1,697,generation-vi,0,0,0,0,0,0,0,0
698,amaura,amaura,1,698,generation-vi,0,0,0,0,0,0,0,0
699,aurorus,aurorus,1,699,generation-vi,0,0,0,0,0,0,0,0
700,sylveon,sylveon,1,700,generation-vi,0,0,0,0,0,0,0,0
701,hawlucha,hawlucha,1,701,generation-vi,0,0,0,0,0,0,0,0
701,hawlucha,hawlucha-mega,0,10300,generation-vi,0,0,0,0,0,1,0,0
702,dedenne,dedenne,1,702,generation-vi,0,0,0,0,0,0,0,0
703,carbink,carbink,1,703,generation-vi,0,0,0,0,0,0,0,0
704,goomy,goomy,1,704,generation-vi,0,0,0,0,0,0,0,0
705,sliggoo,sliggoo,1,705,generation-vi,0,0,0,0,0,0,0,0
705,sliggoo,sliggoo-hisui,0,10241,generation-vi,0,0,0,0,0,0,0,1
706,goodra,goodra,1,706,generation-vi,0,0,0,0,0,0,0,0
706,goodra,goodra-hisui,0,10242,generation-vi,0,0,0,0,0,0,0,1
707,klefki,klefki,1,707,generation-vi,0,0,0,0,0,0,0,0
708,phantump,phantump,1,708,generation-vi,0,0,0,0,0,0,0,0
709,trevenant,trevenant,1,709,generation-vi,0,0,0,0,0,0,0,0
710,pumpkaboo,pumpkaboo-average,1,710,generation-vi,0,0,0,0,0,0,0,0
710,pumpkaboo,pumpkaboo-small,0,10027,generation-vi,0,0,0,0,0,0,0,0
710,pumpkaboo,pumpkaboo-large,0,10028,generation-vi,0,0,0,0,0,0,0,0
710,pumpkaboo,pumpkaboo-super,0,10029,generation-vi,0,0,0,0,0,0,0,0
711,gourgeist,gourgeist-average,1,711,generation-vi,0,0,0,0,0,0,0,0
711,gourgeist,gourgeist-small,0,10030,generation-vi,0,0,0,0,0,0,0,0
711,gourgeist,gourgeist-large,0,10031,generation-vi,0,0,0,0,0,0,0,0
711,gourgeist,gourgeist-super,0,10032,generation-vi,0,0,0,0,0,0,0,0
712,bergmite,bergmite,1,712,generation-vi,0,0,0,0,0,0,0,0
713,avalugg,avalugg,1,713,generation-vi,0,0,0,0,0,0,0,0
713,avalugg,avalugg-hisui,0,10243,generation-vi,0,0,0,0,0,0,0,1
714,noibat,noibat,1,714,generation-vi,0,0,0,0,0,0,0,0
715,noivern,noivern,1,715,generation-vi,0,0,0,0,0,0,0,0
716,xerneas,xerneas,1,716,generation-vi,1,0,0,0,1,0,0,0
717,yveltal,yveltal,1,717,generation-vi,1,0,0,0,0,0,0,0
718,zygarde,zygarde-50,1,718,generation-vi,1,0,0,0,0,0,0,0
718,zygarde,zygarde-10-power-construct,0,10118,generation-vi,1,0,0,0,0,0,0,0
718,zygarde,zygarde-50-power-construct,0,10119,generation-vi,1,0,0,0,0,0,0,0
718,zygarde,zygarde-complete,0,10120,generation-vi,1,0,0,0,0,0,0,0
718,zygarde,zygarde-10,0,10181,generation-vi,1,0,0,0,0,0,0,0
718,zygarde,zygarde-mega,0,10301,generation-vi,1,0,0,0,0,1,0,0
719,diancie,diancie,1,719,generation-vi,0,1,0,0,1,0,0,0
719,diancie,diancie-mega,0,10075,generation-vi,0,1,0,0,1,1,0,0
720,hoopa,hoopa,1,720,generation-vi,0,1,0,0,0,0,0,0
720,hoopa,hoopa-unbound,0,10086,generation-vi,0,1,0,0,0,0,0,0
721,volcanion,volcanion,1,721,generation-vi,0,1,0,0,0,0,0,0
722,rowlet,rowlet,1,722,generation-vii,0,0,0,0,0,0,0,0
723,dartrix,dartrix,1,723,generation-vii,0,0,0,0,0,0,0,0
724,decidueye,decidueye,1,724,generation-vii,0,0,0,0,0,0,0,0
724,decidueye,decidueye-hisui,0,10244,generation-vii,0,0,0,0,0,0,0,1
725,litten,litten,1,725,generation-vii,0,0,0,0,0,0,0,0
726,torracat,torracat,1,726,generation-vii,0,0,0,0,0,0,0,0
727,incineroar,incineroar,1,727,generation-vii,0,0,0,0,0,0,0,0
728,popplio,popplio,1,728,generation-vii,0,0,0,0,0,0,0,0
729,brionne,brionne,1,729,generation-vii,0,0,0,0,0,0,0,0
730,primarina,primarina,1,730,generation-vii,0,0,0,0,0,0,0,0
731,pikipek,pikipek,1,731,generation-vii,0,0,0,0,0,0,0,0
732,trumbeak,trumbeak,1,732,generation-vii,0,0,0,0,0,0,0,0
733,toucannon,toucannon,1,733,generation-vii,0,0,0,0,0,0,0,0
734,yungoos,yungoos,1,734,generation-vii,0,0,0,0,0,0,0,0
735,gumshoos,gumshoos,1,735,generation-vii,0,0,0,0,0,0,0,0
735,gumshoos,gumshoos-totem,0,10121,generation-vii,0,0,0,0,0,0,0,0
736,grubbin,grubbin,1,736,generation-vii,0,0,0,0,0,0,0,0
737,charjabug,charjabug,1,737,generation-vii,0,0,0,0,0,0,0,0
738,vikavolt,vikavolt,1,738,generation-vii,0,0,0,0,0,0,0,0
738,vikavolt,vikavolt-totem,0,10122,generation-vii,0,0,0,0,0,0,0,0
739,crabrawler,crabrawler,1,739,generation-vii,0,0,0,0,0,0,0,0
740,crabominable,crabominable,1,740,generation-vii,0,0,0,0,0,0,0,0
741,oricorio,oricorio-baile,1,741,generation-vii,0,0,0,0,0,0,0,0
741,oricorio,oricorio-pom-pom,0,10123,generation-vii,0,0,0,0,0,0,0,0
741,oricorio,oricorio-pau,0,10124,generation-vii,0,0,0,0,0,0,0,0
741,oricorio,oricorio-sensu,0,10125,generation-vii,0,0,0,0,0,0,0,0
742,cutiefly,cutiefly,1,742,generation-vii,0,0,0,0,0,0,0,0
743,ribombee,ribombee,1,743,generation-vii,0,0,0,0,0,0,0,0
743,ribombee,ribombee-totem,0,10150,generation-vii,0,0,0,0,0,0,0,0
744,rockruff,rockruff,1,744,generation-vii,0,0,0,0,0,0,0,0
744,rockruff,rockruff-own-tempo,0,10151,generation-vii,0,0,0,0,0,0,0,0
745,lycanroc,lycanroc-midday,1,745,generation-vii,0,0,0,0,0,0,0,0
745,lycanroc,lycanroc-midnight,0,10126,generation-vii,0,0,0,0,0,0,0,0
745,lycanroc,lycanroc-dusk,0,10152,generation-vii,0,0,0,0,0,0,0,0
746,wishiwashi,wishiwashi-solo,1,746,generation-vii,0,0,0,0,0,0,0,0
746,wishiwashi,wishiwashi-school,0,10127,generation-vii,0,0,0,0,0,0,0,0
747,mareanie,mareanie,1,747,generation-vii,0,0,0,0,0,0,0,0
748,toxapex,toxapex,1,748,generation-vii,0,0,0,0,0,0,0,0
749,mudbray,mudbray,1,749,generation-vii,0,0,0,0,0,0,0,0
750,mudsdale,mudsdale,1,750,generation-vii,0,0,0,0,0,0,0,0
751,dewpider,dewpider,1,751,generation-vii,0,0,0,0,0,0,0,0
752,araquanid,araquanid,1,752,generation-vii,0,0,0,0,0,0,0,0
752,araquanid,araquanid-totem,0,10153,generation-vii,0,0,0,0,0,0,0,0
753,fomantis,fomantis,1,753,generation-vii,0,0,0,0,0,0,0,0
754,lurantis,lurantis,1,754,generation-vii,0,0,0,0,0,0,0,0
754,lurantis,lurantis-totem,0,10128,generation-vii,0,0,0,0,0,0,0,0
755,morelull,morelull,1,755,generation-vii,0,0,0,0,0,0,0,0
756,shiinotic,shiinotic,1,756,generation-vii,0,0,0,0,0,0,0,0
757,salandit,salandit,1,757,generation-vii,0,0,0,0,0,0,0,0
758,salazzle,salazzle,1,758,generation-vii,0,0,0,0,0,0,0,0
758,salazzle,salazzle-totem,0,10129,generation-vii,0,0,0,0,0,0,0,0
759,stufful,stufful,1,759,generation-vii,0,0,0,0,0,0,0,0
760,bewear,bewear,1,760,generation-vii,0,0,0,0,0,0,0,0
761,bounsweet,bounsweet,1,761,generation-vii,0,0,0,0,0,0,0,0
762,steenee,steenee,1,762,generation-vii,0,0,0,0,0,0,0,0
763,tsareena,tsareena,1,763,generation-vii,0,0,0,0,0,0,0,0
764,comfey,comfey,1,764,generation-vii,0,0,0,0,0,0,0,0
765,oranguru,oranguru,1,765,generation-vii,0,0,0,0,0,0,0,0
766,passimian,passimian,1,766,generation-vii,0,0,0,0,0,0,0,0
767,wimpod,wimpod,1,767,generation-vii,0,0,0,0,0,0,0,0
768,golisopod,golisopod,1,768,generation-vii,0,0,0,0,0,0,0,0
769,sandygast,sandygast,1,769,generation-vii,0,0,0,0,0,0,0,0
770,palossand,palossand,1,770,generation-vii,0,0,0,0,0,0,0,0
771,pyukumuku,pyukumuku,1,771,generation-vii,0,0,0,0,0,0,0,0
772,type-null,type-null,1,772,generation-vii,1,0,0,0,0,0,0,0
773,silvally,silvally,1,773,generation-vii,1,0,0,0,0,0,0,0
774,minior,minior-red-meteor,1,774,generation-vii,0,0,0,0,0,0,0,0
774,minior,minior-orange-meteor,0,10130,generation-vii,0,0,0,0,0,0,0,0
774,minior,minior-yellow-meteor,0,10131,generation-vii,0,0,0,0,0,0,0,0
774,minior,minior-green-meteor,0,10132,generation-vii,0,0,0,0,0,0,0,0
774,minior,minior-blue-meteor,0,10133,generation-vii,0,0,0,0,0,0,0,0
774,minior,minior-indigo-meteor,0,10134,generation-vii,0,0,0,0,0,0,0,0
774,minior,minior-violet-meteor,0,10135,generation-vii,0,0,0,0,0,0,0,0
774,minior,minior-red,0,10136,generation-vii,0,0,0,0,0,0,0,0
774,minior,minior-orange,0,10137,generation-vii,0,0,0,0,0,0,0,0
774,minior,minior-yellow,0,10138,generation-vii,0,0,0,0,0,0,0,0
774,minior,minior-green,0,10139,generation-vii,0,0,0,0,0,0,0,0
774,minior,minior-blue,0,10140,generation-vii,0,0,0,0,0,0,0,0
774,minior,minior-indigo,0,10141,generation-vii,0,0,0,0,0,0,0,0
774,minior,minior-violet,0,10142,generation-vii,0,0,0,0,0,0,0,0
775,komala,komala,1,775,generation-vii,0,0,0,0,0,0,0,0
776,turtonator,turtonator,1,776,generation-vii,0,0,0,0,0,0,0,0
777,togedemaru,togedemaru,1,777,generation-vii,0,0,0,0,0,0,0,0
777,togedemaru,togedemaru-totem,0,10154,generation-vii,0,0,0,0,0,0,0,0
778,mimikyu,mimikyu-disguised,1,778,generation-vii,0,0,0,0,0,0,0,0
778,mimikyu,mimikyu-busted,0,10143,generation-vii,0,0,0,0,0,0,0,0
778,mimikyu,mimikyu-totem-disguised,0,10144,generation-vii,0,0,0,0,0,0,0,0
778,mimikyu,mimikyu-totem-busted,0,10145,generation-vii,0,0,0,0,0,0,0,0
779,bruxish,bruxish,1,779,generation-vii,0,0,0,0,0,0,0,0
780,drampa,drampa,1,780,generation-vii,0,0,0,0,0,0,0,0
780,drampa,drampa-mega,0,10302,generation-vii,0,0,0,0,0,1,0,0
781,dhelmise,dhelmise,1,781,generation-vii,0,0,0,0,0,0,0,0
782,jangmo-o,jangmo-o,1,782,generation-vii,0,0,0,0,0,0,0,0
783,hakamo-o,hakamo-o,1,783,generation-vii,0,0,0,0,0,0,0,0
784,kommo-o,kommo-o,1,784,generation-vii,0,0,0,0,0,0,0,0
784,kommo-o,kommo-o-totem,0,10146,generation-vii,0,0,0,0,0,0,0,0
785,tapu-koko,tapu-koko,1,785,generation-vii,1,0,0,0,0,0,0,0
786,tapu-lele,tapu-lele,1,786,generation-vii,1,0,0,0,0,0,0,0
787,tapu-bulu,tapu-bulu,1,787,generation-vii,1,0,0,0,0,0,0,0
788,tapu-fini,tapu-fini,1,788,generation-vii,1,0,0,0,0,0,0,0
789,cosmog,cosmog,1,789,generation-vii,1,0,0,0,0,0,0,0
790,cosmoem,cosmoem,1,790,generation-vii,1,0,0,0,0,0,0,0
791,solgaleo,solgaleo,1,791,generation-vii,1,0,0,0,0,0,0,0
792,lunala,lunala,1,792,generation-vii,1,0,0,0,0,0,0,0
793,nihilego,nihilego,1,793,generation-vii,0,0,0,0,0,0,0,0
794,buzzwole,buzzwole,1,794,generation-vii,0,0,0,0,0,0,0,0
795,pheromosa,pheromosa,1,795,generation-vii,0,0,0,0,0,0,0,0
796,xurkitree,xurkitree,1,796,generation-vii,0,0,0,0,0,0,0,0
797,celesteela,celesteela,1,797,generation-vii,0,0,0,0,0,0,0,0
798,kartana,kartana,1,798,generation-vii,0,0,0,0,0,0,0,0
799,guzzlord,guzzlord,1,799,generation-vii,0,0,0,0,0,0,0,0
800,necrozma,necrozma,1,800,generation-vii,1,0,0,0,0,0,0,0
800,necrozma,necrozma-dusk,0,10155,generation-vii,1,0,0,0,0,0,0,0
800,necrozma,necrozma-dawn,0,10156,generation-vii,1,0,0,0,0,0,0,0
800,necrozma,necrozma-ultra,0,10157,generation-vii,1,0,0,0,0,0,0,0
801,magearna,magearna,1,801,generation-vii,0,1,0,0,0,0,0,0
801,magearna,magearna-original,0,10147,generation-vii,0,1,0,0,0,0,0,0
802,marshadow,marshadow,1,802,generation-vii,0,1,0,0,0,0,0,0
803,poipole,poipole,1,803,generation-vii,0,0,0,0,0,0,0,0
804,naganadel,naganadel,1,804,generation-vii,0,0,0,0,0,0,0,0
805,stakataka,stakataka,1,805,generation-vii,0,0,0,0,0,0,0,0
806,blacephalon,blacephalon,1,806,generation-vii,0,0,0,0,0,0,0,0
807,zeraora,zeraora,1,807,generation-vii,0,1,0,0,0,0,0,0
808,meltan,meltan,1,808,generation-vii,0,1,0,0,0,0,0,0
809,melmetal,melmetal,1,809,generation-vii,0,1,0,0,0,0,0,0
809,melmetal,melmetal-gmax,0,10208,generation-vii,0,1,0,0,0,0,1,0
810,grookey,grookey,1,810,generation-viii,0,0,0,0,0,0,0,0
811,thwackey,thwackey,1,811,generation-viii,0,0,0,0,0,0,0,0
812,rillaboom,rillaboom,1,812,generation-viii,0,0,0,0,0,0,0,0
812,rillaboom,rillaboom-gmax,0,10209,generation-viii,0,0,0,0,0,0,1,0
813,scorbunny,scorbunny,1,813,generation-viii,0,0,0,0,0,0,0,0
814,raboot,raboot,1,814,generation-viii,0,0,0,0,0,0,0,0
815,cinderace,cinderace,1,815,generation-viii,0,0,0,0,0,0,0,0
815,cinderace,cinderace-gmax,0,10210,generation-viii,0,0,0,0,0,0,1,0
816,sobble,sobble,1,816,generation-viii,0,0,0,0,0,0,0,0
817,drizzile,drizzile,1,817,generation-viii,0,0,0,0,0,0,0,0
818,inteleon,inteleon,1,818,generation-viii,0,0,0,0,0,0,0,0
818,inteleon,inteleon-gmax,0,10211,generation-viii,0,0,0,0,0,0,1,0
819,skwovet,skwovet,1,819,generation-viii,0,0,0,0,0,0,0,0
820,greedent,greedent,1,820,generation-viii,0,0,0,0,0,0,0,0
821,rookidee,rookidee,1,821,generation-viii,0,0,0,0,0,0,0,0
822,corvisquire,corvisquire,1,822,generation-viii,0,0,0,0,0,0,0,0
823,corviknight,corviknight,1,823,generation-viii,0,0,0,0,0,0,0,0
823,corviknight,corviknight-gmax,0,10212,generation-viii,0,0,0,0,0,0,1,0
824,blipbug,blipbug,1,824,generation-viii,0,0,0,0,0,0,0,0
825,dottler,dottler,1,825,generation-viii,0,0,0,0,0,0,0,0
826,orbeetle,orbeetle,1,826,generation-viii,0,0,0,0,0,0,0,0
826,orbeetle,orbeetle-gmax,0,10213,generation-viii,0,0,0,0,0,0,1,0
827,nickit,nickit,1,827,generation-viii,0,0,0,0,0,0,0,0
828,thievul,thievul,1,828,generation-viii,0,0,0,0,0,0,0,0
829,gossifleur,gossifleur,1,829,generation-viii,0,0,0,0,0,0,0,0
830,eldegoss,eldegoss,1,830,generation-viii,0,0,0,0,0,0,0,0
831,wooloo,wooloo,1,831,generation-viii,0,0,0,0,0,0,0,0
832,dubwool,dubwool,1,832,generation-viii,0,0,0,0,0,0,0,0
833,chewtle,chewtle,1,833,generation-viii,0,0,0,0,0,0,0,0
834,drednaw,drednaw,1,834,generation-viii,0,0,0,0,0,0,0,0
834,drednaw,drednaw-gmax,0,10214,generation-viii,0,0,0,0,0,0,1,0
835,yamper,yamper,1,835,generation-viii,0,0,0,0,0,0,0,0
836,boltund,boltund,1,836,generation-viii,0,0,0,0,0,0,0,0
837,rolycoly,rolycoly,1,837,generation-viii,0,0,0,0,0,0,0,0
838,carkol,carkol,1,838,generation-viii,0,0,0,0,0,0,0,0
839,coalossal,coalossal,1,839,generation-viii,0,0,0,0,0,0,0,0
839,coalossal,coalossal-gmax,0,10215,generation-viii,0,0,0,0,0,0,1,0
840,applin,applin,1,840,generation-viii,0,0,0,0,0,0,0,0
841,flapple,flapple,1,841,generation-viii,0,0,0,0,0,0,0,0
841,flapple,flapple-gmax,0,10216,generation-viii,0,0,0,0,0,0,1,0
842,appletun,appletun,1,842,generation-viii,0,0,0,0,0,0,0,0
842,appletun,appletun-gmax,0,10217,generation-viii,0,0,0,0,0,0,1,0
843,silicobra,silicobra,1,843,generation-viii,0,0,0,0,0,0,0,0
844,sandaconda,sandaconda,1,844,generation-viii,0,0,0,0,0,0,0,0
844,sandaconda,sandaconda-gmax,0,10218,generation-viii,0,0,0,0,0,0,1,0
845,cramorant,cramorant,1,845,generation-viii,0,0,0,0,0,0,0,0
845,cramorant,cramorant-gulping,0,10182,generation-viii,0,0,0,0,0,0,0,0
845,cramorant,cramorant-gorging,0,10183,generation-viii,0,0,0,0,0,0,0,0
846,arrokuda,arrokuda,1,846,generation-viii,0,0,0,0,0,0,0,0
847,barraskewda,barraskewda,1,847,generation-viii,0,0,0,0,0,0,0,0
848,toxel,toxel,1,848,generation-viii,0,0,1,0,0,0,0,0
849,toxtricity,toxtricity-amped,1,849,generation-viii,0,0,0,0,0,0,0,0
849,toxtricity,toxtricity-low-key,0,10184,generation-viii,0,0,0,0,0,0,0,0
849,toxtricity,toxtricity-amped-gmax,0,10219,generation-viii,0,0,0,0,0,0,1,0
849,toxtricity,toxtricity-low-key-gmax,0,10228,generation-viii,0,0,0,0,0,0,1,0
850,sizzlipede,sizzlipede,1,850,generation-viii,0,0,0,0,0,0,0,0
851,centiskorch,centiskorch,1,851,generation-viii,0,0,0,0,0,0,0,0
851,centiskorch,centiskorch-gmax,0,10220,generation-viii,0,0,0,0,0,0,1,0
852,clobbopus,clobbopus,1,852,generation-viii,0,0,0,0,0,0,0,0
853,grapploct,grapploct,1,853,generation-viii,0,0,0,0,0,0,0,0
854,sinistea,sinistea,1,854,generation-viii,0,0,0,0,0,0,0,0
855,polteageist,polteageist,1,855,generation-viii,0,0,0,0,0,0,0,0
856,hatenna,hatenna,1,856,generation-viii,0,0,0,0,0,0,0,0
857,hattrem,hattrem,1,857,generation-viii,0,0,0,0,0,0,0,0
858,hatterene,hatterene,1,858,generation-viii,0,0,0,0,0,0,0,0
858,hatterene,hatterene-gmax,0,10221,generation-viii,0,0,0,0,0,0,1,0
859,impidimp,impidimp,1,859,generation-viii,0,0,0,0,0,0,0,0
860,morgrem,morgrem,1,860,generation-viii,0,0,0,0,0,0,0,0
861,grimmsnarl,grimmsnarl,1,861,generation-viii,0,0,0,0,0,0,0,0
861,grimmsnarl,grimmsnarl-gmax,0,10222,generation-viii,0,0,0,0,0,0,1,0
862,obstagoon,obstagoon,1,862,generation-viii,0,0,0,0,0,0,0,0
863,perrserker,perrserker,1,863,generation-viii,0,0,0,0,0,0,0,0
864,cursola,cursola,1,864,generation-viii,0,0,0,0,0,0,0,0
865,sirfetchd,sirfetchd,1,865,generation-viii,0,0,0,0,0,0,0,0
866,mr-rime,mr-rime,1,866,generation-viii,0,0,0,0,0,0,0,0
867,runerigus,runerigus,1,867,generation-viii,0,0,0,0,0,0,0,0
868,milcery,milcery,1,868,generation-viii,0,0,0,0,0,0,0,0
869,alcremie,alcremie,1,869,generation-viii,0,0,0,0,0,0,0,0
869,alcremie,alcremie-gmax,0,10223,generation-viii,0,0,0,0,0,0,1,0
870,falinks,falinks,1,870,generation-viii,0,0,0,0,0,0,0,0
870,falinks,falinks-mega,0,10303,generation-viii,0,0,0,0,0,1,0,0
871,pincurchin,pincurchin,1,871,generation-viii,0,0,0,0,0,0,0,0
872,snom,snom,1,872,generation-viii,0,0,0,0,0,0,0,0
873,frosmoth,frosmoth,1,873,generation-viii,0,0,0,0,0,0,0,0
874,stonjourner,stonjourner,1,874,generation-viii,0,0,0,0,0,0,0,0
875,eiscue,eiscue-ice,1,875,generation-viii,0,0,0,0,0,0,0,0
875,eiscue,eiscue-noice,0,10185,generation-viii,0,0,0,0,0,0,0,0
876,indeedee,indeedee-male,1,876,generation-viii,0,0,0,1,0,0,0,0
876,indeedee,indeedee-female,0,10186,generation-viii,0,0,0,1,0,0,0,0
877,morpeko,morpeko-full-belly,1,877,generation-viii,0,0,0,0,0,0,0,0
877,morpeko,morpeko-hangry,0,10187,generation-viii,0,0,0,0,0,0,0,0
878,cufant,cufant,1,878,generation-viii,0,0,0,0,0,0,0,0
879,copperajah,copperajah,1,879,generation-viii,0,0,0,0,0,0,0,0
879,copperajah,copperajah-gmax,0,10224,generation-viii,0,0,0,0,0,0,1,0
880,dracozolt,dracozolt,1,880,generation-viii,0,0,0,0,0,0,0,0
881,arctozolt,arctozolt,1,881,generation-viii,0,0,0,0,0,0,0,0
882,dracovish,dracovish,1,882,generation-viii,0,0,0,0,0,0,0,0
883,arctovish,arctovish,1,883,generation-viii,0,0,0,0,0,0,0,0
884,duraludon,duraludon,1,884,generation-viii,0,0,0,0,0,0,0,0
884,duraludon,duraludon-gmax,0,10225,generation-viii,0,0,0,0,0,0,1,0
885,dreepy,dreepy,1,885,generation-viii,0,0,0,0,0,0,0,0
886,drakloak,drakloak,1,886,generation-viii,0,0,0,0,0,0,0,0
887,dragapult,dragapult,1,887,generation-viii,0,0,0,0,0,0,0,0
888,zacian,zacian,1,888,generation-viii,1,0,0,0,0,0,0,0
888,zacian,zacian-crowned,0,10188,generation-viii,1,0,0,0,0,0,0,0
889,zamazenta,zamazenta,1,889,generation-viii,1,0,0,0,0,0,0,0
889,zamazenta,zamazenta-crowned,0,10189,generation-viii,1,0,0,0,0,0,0,0
890,eternatus,eternatus,1,890,generation-viii,1,0,0,0,0,0,0,0
890,eternatus,eternatus-eternamax,0,10190,generation-viii,1,0,0,0,0,0,0,0
891,kubfu,kubfu,1,891,generation-viii,1,0,0,0,0,0,0,0
892,urshifu,urshifu-single-strike,1,892,generation-viii,1,0,0,0,0,0,0,0
892,urshifu,urshifu-rapid-strike,0,10191,generation-viii,1,0,0,0,0,0,0,0
892,urshifu,urshifu-single-strike-gmax,0,10226,generation-viii,1,0,0,0,0,0,1,0
892,urshifu,urshifu-rapid-strike-gmax,0,10227,generation-viii,1,0,0,0,0,0,1,0
893,zarude,zarude,1,893,generation-viii,0,1,0,0,0,0,0,0
893,zarude,zarude-dada,0,10192,generation-viii,0,1,0,0,0,0,0,0
894,regieleki,regieleki,1,894,generation-viii,1,0,0,0,0,0,0,0
895,regidrago,regidrago,1,895,generation-viii,1,0,0,0,0,0,0,0
896,glastrier,glastrier,1,896,generation-viii,1,0,0,0,0,0,0,0
897,spectrier,spectrier,1,897,generation-viii,1,0,0,0,0,0,0,0
898,calyrex,calyrex,1,898,generation-viii,1,0,0,0,0,0,0,0
898,calyrex,calyrex-ice,0,10193,generation-viii,1,0,0,0,0,0,0,0
898,calyrex,calyrex-shadow,0,10194,generation-viii,1,0,0,0,0,0,0,0
899,wyrdeer,wyrdeer,1,899,generation-viii,0,0,0,0,0,0,0,0
900,kleavor,kleavor,1,900,generation-viii,0,0,0,0,0,0,0,0
901,ursaluna,ursaluna,1,901,generation-viii,0,0,0,0,0,0,0,0
901,ursaluna,ursaluna-bloodmoon,0,10272,generation-viii,0,0,0,0,0,0,0,0
902,basculegion,basculegion-male,1,902,generation-viii,0,0,0,1,1,0,0,0
902,basculegion,basculegion-female,0,10248,generation-viii,0,0,0,1,1,0,0,0
903,sneasler,sneasler,1,903,generation-viii,0,0,0,0,0,0,0,0
904,overqwil,overqwil,1,904,generation-viii,0,0,0,0,0,0,0,0
905,enamorus,enamorus-incarnate,1,905,generation-viii,1,0,0,0,1,0,0,0
905,enamorus,enamorus-therian,0,10249,generation-viii,1,0,0,0,1,0,0,0
906,sprigatito,sprigatito,1,906,generation-ix,0,0,0,0,0,0,0,0
907,floragato,floragato,1,907,generation-ix,0,0,0,0,0,0,0,0
908,meowscarada,meowscarada,1,908,generation-ix,0,0,0,0,0,0,0,0
909,fuecoco,fuecoco,1,909,generation-ix,0,0,0,0,0,0,0,0
910,crocalor,crocalor,1,910,generation-ix,0,0,0,0,0,0,0,0
911,skeledirge,skeledirge,1,911,generation-ix,0,0,0,0,0,0,0,0
912,quaxly,quaxly,1,912,generation-ix,0,0,0,0,0,0,0,0
913,quaxwell,quaxwell,1,913,generation-ix,0,0,0,0,0,0,0,0
914,quaquaval,quaquaval,1,914,generation-ix,0,0,0,0,0,0,0,0
915,lechonk,lechonk,1,915,generation-ix,0,0,0,0,0,0,0,0
916,oinkologne,oinkologne-male,1,916,generation-ix,0,0,0,1,0,0,0,0
916,oinkologne,oinkologne-female,0,10254,generation-ix,0,0,0,1,0,0,0,0
917,tarountula,tarountula,1,917,generation-ix,0,0,0,0,0,0,0,0
918,spidops,spidops,1,918,generation-ix,0,0,0,0,0,0,0,0
919,nymble,nymble,1,919,generation-ix,0,0,0,0,0,0,0,0
920,lokix,lokix,1,920,generation-ix,0,0,0,0,0,0,0,0
921,pawmi,pawmi,1,921,generation-ix,0,0,0,0,0,0,0,0
922,pawmo,pawmo,1,922,generation-ix,0,0,0,0,0,0,0,0
923,pawmot,pawmot,1,923,generation-ix,0,0,0,0,0,0,0,0
924,tandemaus,tandemaus,1,924,generation-ix,0,0,0,0,0,0,0,0
925,maushold,maushold-family-of-four,1,925,generation-ix,0,0,0,0,0,0,0,0
925,maushold,maushold-family-of-three,0,10257,generation-ix,0,0,0,0,0,0,0,0
926,fidough,fidough,1,926,generation-ix,0,0,0,0,0,0,0,0
927,dachsbun,dachsbun,1,927,generation-ix,0,0,0,0,0,0,0,0
928,smoliv,smoliv,1,928,generation-ix,0,0,0,0,0,0,0,0
929,dolliv,dolliv,1,929,generation-ix,0,0,0,0,0,0,0,0
930,arboliva,arboliva,1,930,generation-ix,0,0,0,0,0,0,0,0
931,squawkabilly,squawkabilly-green-plumage,1,931,generation-ix,0,0,0,0,0,0,0,0
931,squawkabilly,squawkabilly-blue-plumage,0,10260,generation-ix,0,0,0,0,0,0,0,0
931,squawkabilly,squawkabilly-yellow-plumage,0,10261,generation-ix,0,0,0,0,0,0,0,0
931,squawkabilly,squawkabilly-white-plumage,0,10262,generation-ix,0,0,0,0,0,0,0,0
932,nacli,nacli,1,932,generation-ix,0,0,0,0,0,0,0,0
933,naclstack,naclstack,1,933,generation-ix,0,0,0,0,0,0,0,0
934,garganacl,garganacl,1,934,generation-ix,0,0,0,0,0,0,0,0
935,charcadet,charcadet,1,935,generation-ix,0,0,0,0,0,0,0,0
936,armarouge,armarouge,1,936,generation-ix,0,0,0,0,0,0,0,0
937,ceruledge,ceruledge,1,937,generation-ix,0,0,0,0,0,0,0,0
938,tadbulb,tadbulb,1,938,generation-ix,0,0,0,0,0,0,0,0
939,bellibolt,bellibolt,1,939,generation-ix,0,0,0,0,0,0,0,0
940,wattrel,wattrel,1,940,generation-ix,0,0,0,0,0,0,0,0
941,kilowattrel,kilowattrel,1,941,generation-ix,0,0,0,0,0,0,0,0
942,maschiff,maschiff,1,942,generation-ix,0,0,0,0,0,0,0,0
943,mabosstiff,mabosstiff,1,943,generation-ix,0,0,0,0,0,0,0,0
944,shroodle,shroodle,1,944,generation-ix,0,0,0,0,0,0,0,0
945,grafaiai,grafaiai,1,945,generation-ix,0,0,0,0,0,0,0,0
946,bramblin,bramblin,1,946,generation-ix,0,0,0,0,0,0,0,0
947,brambleghast,brambleghast,1,947,generation-ix,0,0,0,0,0,0,0,0
948,toedscool,toedscool,1,948,generation-ix,0,0,0,0,0,0,0,0
949,toedscruel,toedscruel,1,949,generation-ix,0,0,0,0,0,0,0,0
950,klawf,klawf,1,950,generation-ix,0,0,0,0,0,0,0,0
951,capsakid,capsakid,1,951,generation-ix,0,0,0,0,0,0,0,0
952,scovillain,scovillain,1,952,generation-ix,0,0,0,0,0,0,0,0
953,rellor,rellor,1,953,generation-ix,0,0,0,0,0,0,0,0
954,rabsca,rabsca,1,954,generation-ix,0,0,0,0,0,0,0,0
955,flittle,flittle,1,955,generation-ix,0,0,0,0,0,0,0,0
956,espathra,espathra,1,956,generation-ix,0,0,0,0,0,0,0,0
957,tinkatink,tinkatink,1,957,generation-ix,0,0,0,0,0,0,0,0
958,tinkatuff,tinkatuff,1,958,generation-ix,0,0,0,0,0,0,0,0
959,tinkaton,tinkaton,1,959,generation-ix,0,0,0,0,0,0,0,0
960,wiglett,wiglett,1,960,generation-ix,0,0,0,0,0,0,0,0
961,wugtrio,wugtrio,1,961,generation-ix,0,0,0,0,0,0,0,0
962,bombirdier,bombirdier,1,962,generation-ix,0,0,0,0,0,0,0,0
963,finizen,finizen,1,963,generation-ix,0,0,0,0,0,0,0,0
964,palafin,palafin-zero,1,964,generation-ix,0,0,0,0,0,0,0,0
964,palafin,palafin-hero,0,10256,generation-ix,0,0,0,0,0,0,0,0
965,varoom,varoom,1,965,generation-ix,0,0,0,0,0,0,0,0
966,revavroom,revavroom,1,966,generation-ix,0,0,0,0,0,0,0,0
967,cyclizar,cyclizar,1,967,generation-ix,0,0,0,0,0,0,0,0
968,orthworm,orthworm,1,968,generation-ix,0,0,0,0,0,0,0,0
969,glimmet,glimmet,1,969,generation-ix,0,0,0,0,0,0,0,0
970,glimmora,glimmora,1,970,generation-ix,0,0,0,0,0,0,0,0
971,greavard,greavard,1,971,generation-ix,0,0,0,0,0,0,0,0
972,houndstone,houndstone,1,972,generation-ix,0,0,0,0,0,0,0,0
973,flamigo,flamigo,1,973,generation-ix,0,0,0,0,0,0,0,0
974,cetoddle,cetoddle,1,974,generation-ix,0,0,0,0,0,0,0,0
975,cetitan,cetitan,1,975,generation-ix,0,0,0,0,0,0,0,0
976,veluza,veluza,1,976,generation-ix,0,0,0,0,0,0,0,0
977,dondozo,dondozo,1,977,generation-ix,0,0,0,0,0,0,0,0
978,tatsugiri,tatsugiri-curly,1,978,generation-ix,0,0,0,0,0,0,0,0
978,tatsugiri,tatsugiri-droopy,0,10258,generation-ix,0,0,0,0,0,0,0,0
978,tatsugiri,tatsugiri-stretchy,0,10259,generation-ix,0,0,0,0,0,0,0,0
979,annihilape,annihilape,1,979,generation-ix,0,0,0,0,0,0,0,0
980,clodsire,clodsire,1,980,generation-ix,0,0,0,0,0,0,0,0
981,farigiraf,farigiraf,1,981,generation-ix,0,0,0,0,0,0,0,0
982,dudunsparce,dudunsparce-two-segment,1,982,generation-ix,0,0,0,0,0,0,0,0
982,dudunsparce,dudunsparce-three-segment,0,10255,generation-ix,0,0,0,0,0,0,0,0
983,kingambit,kingambit,1,983,generation-ix,0,0,0,0,0,0,0,0
984,great-tusk,great-tusk,1,984,generation-ix,0,0,0,0,0,0,0,0
985,scream-tail,scream-tail,1,985,generation-ix,0,0,0,0,0,0,0,0
986,brute-bonnet,brute-bonnet,1,986,generation-ix,0,0,0,0,0,0,0,0
987,flutter-mane,flutter-mane,1,987,generation-ix,0,0,0,0,0,0,0,0
988,slither-wing,slither-wing,1,988,generation-ix,0,0,0,0,0,0,0,0
989,sandy-shocks,sandy-shocks,1,989,generation-ix,0,0,0,0,0,0,0,0
990,iron-treads,iron-treads,1,990,generation-ix,0,0,0,0,0,0,0,0
991,iron-bundle,iron-bundle,1,991,generation-ix,0,0,0,0,0,0,0,0
992,iron-hands,iron-hands,1,992,generation-ix,0,0,0,0,0,0,0,0
993,iron-jugulis,iron-jugulis,1,993,generation-ix,0,0,0,0,0,0,0,0
994,iron-moth,iron-moth,1,994,generation-ix,0,0,0,0,0,0,0,0
995,iron-thorns,iron-thorns,1,995,generation-ix,0,0,0,0,0,0,0,0
996,frigibax,frigibax,1,996,generation-ix,0,0,0,0,0,0,0,0
997,arctibax,arctibax,1,997,generation-ix,0,0,0,0,0,0,0,0
998,baxcalibur,baxcalibur,1,998,generation-ix,0,0,0,0,0,0,0,0
999,gimmighoul,gimmighoul,1,999,generation-ix,0,0,0,0,0,0,0,0
999,gimmighoul,gimmighoul-roaming,0,10263,generation-ix,0,0,0,0,0,0,0,0
1000,gholdengo,gholdengo,1,1000,generation-ix,0,0,0,0,0,0,0,0
1001,wo-chien,wo-chien,1,1001,generation-ix,1,0,0,0,0,0,0,0
1002,chien-pao,chien-pao,1,1002,generation-ix,1,0,0,0,0,0,0,0
1003,ting-lu,ting-lu,1,1003,generation-ix,1,0,0,0,0,0,0,0
1004,chi-yu,chi-yu,1,1004,generation-ix,1,0,0,0,0,0,0,0
1005,roaring-moon,roaring-moon,1,1005,generation-ix,0,0,0,0,0,0,0,0
1006,iron-valiant,iron-valiant,1,1006,generation-ix,0,0,0,0,0,0,0,0
1007,koraidon,koraidon,1,1007,generation-ix,1,0,0,0,0,0,0,0
1007,koraidon,koraidon-limited-build,0,10264,generation-ix,1,0,0,0,0,0,0,0
1007,koraidon,koraidon-sprinting-build,0,10265,generation-ix,1,0,0,0,0,0,0,0
1007,koraidon,koraidon-swimming-build,0,10266,generation-ix,1,0,0,0,0,0,0,0
1007,koraidon,koraidon-gliding-build,0,10267,generation-ix,1,0,0,0,0,0,0,0
1008,miraidon,miraidon,1,1008,generation-ix,1,0,0,0,0,0,0,0
1008,miraidon,miraidon-low-power-mode,0,10268,generation-ix,1,0,0,0,0,0,0,0
1008,miraidon,miraidon-drive-mode,0,10269,generation-ix,1,0,0,0,0,0,0,0
1008,miraidon,miraidon-aquatic-mode,0,10270,generation-ix,1,0,0,0,0,0,0,0
1008,miraidon,miraidon-glide-mode,0,10271,generation-ix,1,0,0,0,0,0,0,0
1009,walking-wake,walking-wake,1,1009,generation-ix,0,0,0,0,0,0,0,0
1010,iron-leaves,iron-leaves,1,1010,generation-ix,0,0,0,0,0,0,0,0
1011,dipplin,dipplin,1,1011,generation-ix,0,0,0,0,0,0,0,0
1012,poltchageist,poltchageist,1,1012,generation-ix,0,0,0,0,0,0,0,0
1013,sinistcha,sinistcha,1,1013,generation-ix,0,0,0,0,0,0,0,0
1014,okidogi,okidogi,1,1014,generation-ix,1,0,0,0,0,0,0,0
1015,munkidori,munkidori,1,1015,generation-ix,1,0,0,0,0,0,0,0
1016,fezandipiti,fezandipiti,1,1016,generation-ix,1,0,0,0,0,0,0,0
1017,ogerpon,ogerpon,1,1017,generation-ix,1,0,0,0,0,0,0,0
1017,ogerpon,ogerpon-wellspring-mask,0,10273,generation-ix,1,0,0,0,0,0,0,0
1017,ogerpon,ogerpon-hearthflame-mask,0,10274,generation-ix,1,0,0,0,0,0,0,0
1017,ogerpon,ogerpon-cornerstone-mask,0,10275,generation-ix,1,0,0,0,0,0,0,0
1018,archaludon,archaludon,1,1018,generation-ix,0,0,0,0,0,0,0,0
1019,hydrapple,hydrapple,1,1019,generation-ix,0,0,0,0,0,0,0,0
1020,gouging-fire,gouging-fire,1,1020,generation-ix,0,0,0,0,0,0,0,0
1021,raging-bolt,raging-bolt,1,1021,generation-ix,0,0,0,0,0,0,0,0
1022,iron-boulder,iron-boulder,1,1022,generation-ix,0,0,0,0,0,0,0,0
1023,iron-crown,iron-crown,1,1023,generation-ix,0,0,0,0,0,0,0,0
1024,terapagos,terapagos,1,1024,generation-ix,1,0,0,0,0,0,0,0
1024,terapagos,terapagos-terastal,0,10276,generation-ix,1,0,0,0,0,0,0,0
1024,terapagos,terapagos-stellar,0,10277,generation-ix,1,0,0,0,0,0,0,0
1025,pecharunt,pecharunt,1,1025,generation-ix,0,1,0,0,0,0,0,0
