pokemon_id,pokemon_name,ability_name,ability_id,ability_slot,is_hidden
1,bulbasaur,overgrow,65,1,0
1,bulbasaur,chlorophyll,34,3,1
2,ivysaur,overgrow,65,1,0
2,ivysaur,chlorophyll,34,3,1
3,venusaur,overgrow,65,1,0
3,venusaur,chlorophyll,34,3,1
4,charmander,blaze,66,1,0
4,charmander,solar-power,94,3,1
5,charmeleon,blaze,66,1,0
5,charmeleon,solar-power,94,3,1
6,charizard,blaze,66,1,0
6,charizard,solar-power,94,3,1
7,squirtle,torrent,67,1,0
7,squirtle,rain-dish,44,3,1
8,wartortle,torrent,67,1,0
8,wartortle,rain-dish,44,3,1
9,blastoise,torrent,67,1,0
9,blastoise,rain-dish,44,3,1
10,caterpie,shield-dust,19,1,0
10,caterpie,run-away,50,3,1
11,metapod,shed-skin,61,1,0
12,butterfree,compound-eyes,14,1,0
12,butterfree,tinted-lens,110,3,1
13,weedle,shield-dust,19,1,0
13,weedle,run-away,50,3,1
14,kakuna,shed-skin,61,1,0
15,beedrill,swarm,68,1,0
15,beedrill,sniper,97,3,1
16,pidgey,keen-eye,51,1,0
16,pidgey,tangled-feet,77,2,0
16,pidgey,big-pecks,145,3,1
17,pidgeotto,keen-eye,51,1,0
17,pidgeotto,tangled-feet,77,2,0
17,pidgeotto,big-pecks,145,3,1
18,pidgeot,keen-eye,51,1,0
18,pidgeot,tangled-feet,77,2,0
18,pidgeot,big-pecks,145,3,1
19,rattata,run-away,50,1,0
19,rattata,guts,62,2,0
19,rattata,hustle,55,3,1
20,raticate,run-away,50,1,0
20,raticate,guts,62,2,0
20,raticate,hustle,55,3,1
21,spearow,keen-eye,51,1,0
21,spearow,sniper,97,3,1
22,fearow,keen-eye,51,1,0
22,fearow,sniper,97,3,1
23,ekans,intimidate,22,1,0
23,ekans,shed-skin,61,2,0
23,ekans,unnerve,127,3,1
24,arbok,intimidate,22,1,0
24,arbok,shed-skin,61,2,0
24,arbok,unnerve,127,3,1
25,pikachu,static,9,1,0
25,pikachu,lightning-rod,31,3,1
26,raichu,static,9,1,0
26,raichu,lightning-rod,31,3,1
27,sandshrew,sand-veil,8,1,0
27,sandshrew,sand-rush,146,3,1
28,sandslash,sand-veil,8,1,0
28,sandslash,sand-rush,146,3,1
29,nidoran-f,poison-point,38,1,0
29,nidoran-f,rivalry,79,2,0
29,nidoran-f,hustle,55,3,1
30,nidorina,poison-point,38,1,0
30,nidorina,rivalry,79,2,0
30,nidorina,hustle,55,3,1
31,nidoqueen,poison-point,38,1,0
31,nidoqueen,rivalry,79,2,0
31,nidoqueen,sheer-force,125,3,1
32,nidoran-m,poison-point,38,1,0
32,nidoran-m,rivalry,79,2,0
32,nidoran-m,hustle,55,3,1
33,nidorino,poison-point,38,1,0
33,nidorino,rivalry,79,2,0
33,nidorino,hustle,55,3,1
34,nidoking,poison-point,38,1,0
34,nidoking,rivalry,79,2,0
34,nidoking,sheer-force,125,3,1
35,clefairy,cute-charm,56,1,0
35,clefairy,magic-guard,98,2,0
35,clefairy,friend-guard,132,3,1
36,clefable,cute-charm,56,1,0
36,clefable,magic-guard,98,2,0
36,clefable,unaware,109,3,1
37,vulpix,flash-fire,18,1,0
37,vulpix,drought,70,3,1
38,ninetales,flash-fire,18,1,0
38,ninetales,drought,70,3,1
39,jigglypuff,cute-charm,56,1,0
39,jigglypuff,competitive,172,2,0
39,jigglypuff,friend-guard,132,3,1
40,wigglytuff,cute-charm,56,1,0
40,wigglytuff,competitive,172,2,0
40,wigglytuff,frisk,119,3,1
41,zubat,inner-focus,39,1,0
41,zubat,infiltrator,151,3,1
42,golbat,inner-focus,39,1,0
42,golbat,infiltrator,151,3,1
43,oddish,chlorophyll,34,1,0
43,oddish,run-away,50,3,1
44,gloom,chlorophyll,34,1,0
44,gloom,stench,1,3,1
45,vileplume,chlorophyll,34,1,0
45,vileplume,effect-spore,27,3,1
46,paras,effect-spore,27,1,0
46,paras,dry-skin,87,2,0
46,paras,damp,6,3,1
47,parasect,effect-spore,27,1,0
47,parasect,dry-skin,87,2,0
47,parasect,damp,6,3,1
48,venonat,compound-eyes,14,1,0
48,venonat,tinted-lens,110,2,0
48,venonat,run-away,50,3,1
49,venomoth,shield-dust,19,1,0
49,venomoth,tinted-lens,110,2,0
49,venomoth,wonder-skin,147,3,1
50,diglett,sand-veil,8,1,0
50,diglett,arena-trap,71,2,0
50,diglett,sand-force,159,3,1
51,dugtrio,sand-veil,8,1,0
51,dugtrio,arena-trap,71,2,0
51,dugtrio,sand-force,159,3,1
52,meowth,pickup,53,1,0
52,meowth,technician,101,2,0
52,meowth,unnerve,127,3,1
53,persian,limber,7,1,0
53,persian,technician,101,2,0
53,persian,unnerve,127,3,1
54,psyduck,damp,6,1,0
54,psyduck,cloud-nine,13,2,0
54,psyduck,swift-swim,33,3,1
55,golduck,damp,6,1,0
55,golduck,cloud-nine,13,2,0
55,golduck,swift-swim,33,3,1
56,mankey,vital-spirit,72,1,0
56,mankey,anger-point,83,2,0
56,mankey,defiant,128,3,1
57,primeape,vital-spirit,72,1,0
57,primeape,anger-point,83,2,0
57,primeape,defiant,128,3,1
58,growlithe,intimidate,22,1,0
58,growlithe,flash-fire,18,2,0
58,growlithe,justified,154,3,1
59,arcanine,intimidate,22,1,0
59,arcanine,flash-fire,18,2,0
59,arcanine,justified,154,3,1
60,poliwag,water-absorb,11,1,0
60,poliwag,damp,6,2,0
60,poliwag,swift-swim,33,3,1
61,poliwhirl,water-absorb,11,1,0
61,poliwhirl,damp,6,2,0
61,poliwhirl,swift-swim,33,3,1
62,poliwrath,water-absorb,11,1,0
62,poliwrath,damp,6,2,0
62,poliwrath,swift-swim,33,3,1
63,abra,synchronize,28,1,0
63,abra,inner-focus,39,2,0
63,abra,magic-guard,98,3,1
64,kadabra,synchronize,28,1,0
64,kadabra,inner-focus,39,2,0
64,kadabra,magic-guard,98,3,1
65,alakazam,synchronize,28,1,0
65,alakazam,inner-focus,39,2,0
65,alakazam,magic-guard,98,3,1
66,machop,guts,62,1,0
66,machop,no-guard,99,2,0
66,machop,steadfast,80,3,1
67,machoke,guts,62,1,0
67,machoke,no-guard,99,2,0
67,machoke,steadfast,80,3,1
68,machamp,guts,62,1,0
68,machamp,no-guard,99,2,0
68,machamp,steadfast,80,3,1
69,bellsprout,chlorophyll,34,1,0
69,bellsprout,gluttony,82,3,1
70,weepinbell,chlorophyll,34,1,0
70,weepinbell,gluttony,82,3,1
71,victreebel,chlorophyll,34,1,0
71,victreebel,gluttony,82,3,1
72,tentacool,clear-body,29,1,0
72,tentacool,liquid-ooze,64,2,0
72,tentacool,rain-dish,44,3,1
73,tentacruel,clear-body,29,1,0
73,tentacruel,liquid-ooze,64,2,0
73,tentacruel,rain-dish,44,3,1
74,geodude,rock-head,69,1,0
74,geodude,sturdy,5,2,0
74,geodude,sand-veil,8,3,1
75,graveler,rock-head,69,1,0
75,graveler,sturdy,5,2,0
75,graveler,sand-veil,8,3,1
76,golem,rock-head,69,1,0
76,golem,sturdy,5,2,0
76,golem,sand-veil,8,3,1
77,ponyta,run-away,50,1,0
77,ponyta,flash-fire,18,2,0
77,ponyta,flame-body,49,3,1
78,rapidash,run-away,50,1,0
78,rapidash,flash-fire,18,2,0
78,rapidash,flame-body,49,3,1
79,slowpoke,oblivious,12,1,0
79,slowpoke,own-tempo,20,2,0
79,slowpoke,regenerator,144,3,1
80,slowbro,oblivious,12,1,0
80,slowbro,own-tempo,20,2,0
80,slowbro,regenerator,144,3,1
81,magnemite,magnet-pull,42,1,0
81,magnemite,sturdy,5,2,0
81,magnemite,analytic,148,3,1
82,magneton,magnet-pull,42,1,0
82,magneton,sturdy,5,2,0
82,magneton,analytic,148,3,1
83,farfetchd,keen-eye,51,1,0
83,farfetchd,inner-focus,39,2,0
83,farfetchd,defiant,128,3,1
84,doduo,run-away,50,1,0
84,doduo,early-bird,48,2,0
84,doduo,tangled-feet,77,3,1
85,dodrio,run-away,50,1,0
85,dodrio,early-bird,48,2,0
85,dodrio,tangled-feet,77,3,1
86,seel,thick-fat,47,1,0
86,seel,hydration,93,2,0
86,seel,ice-body,115,3,1
87,dewgong,thick-fat,47,1,0
87,dewgong,hydration,93,2,0
87,dewgong,ice-body,115,3,1
88,grimer,stench,1,1,0
88,grimer,sticky-hold,60,2,0
88,grimer,poison-touch,143,3,1
89,muk,stench,1,1,0
89,muk,sticky-hold,60,2,0
89,muk,poison-touch,143,3,1
90,shellder,shell-armor,75,1,0
90,shellder,skill-link,92,2,0
90,shellder,overcoat,142,3,1
91,cloyster,shell-armor,75,1,0
91,cloyster,skill-link,92,2,0
91,cloyster,overcoat,142,3,1
92,gastly,levitate,26,1,0
93,haunter,levitate,26,1,0
94,gengar,cursed-body,130,1,0
95,onix,rock-head,69,1,0
95,onix,sturdy,5,2,0
95,onix,weak-armor,133,3,1
96,drowzee,insomnia,15,1,0
96,drowzee,forewarn,108,2,0
96,drowzee,inner-focus,39,3,1
97,hypno,insomnia,15,1,0
97,hypno,forewarn,108,2,0
97,hypno,inner-focus,39,3,1
98,krabby,hyper-cutter,52,1,0
98,krabby,shell-armor,75,2,0
98,krabby,sheer-force,125,3,1
99,kingler,hyper-cutter,52,1,0
99,kingler,shell-armor,75,2,0
99,kingler,sheer-force,125,3,1
100,voltorb,soundproof,43,1,0
100,voltorb,static,9,2,0
100,voltorb,aftermath,106,3,1
101,electrode,soundproof,43,1,0
101,electrode,static,9,2,0
101,electrode,aftermath,106,3,1
102,exeggcute,chlorophyll,34,1,0
102,exeggcute,harvest,139,3,1
103,exeggutor,chlorophyll,34,1,0
103,exeggutor,harvest,139,3,1
104,cubone,rock-head,69,1,0
104,cubone,lightning-rod,31,2,0
104,cubone,battle-armor,4,3,1
105,marowak,rock-head,69,1,0
105,marowak,lightning-rod,31,2,0
105,marowak,battle-armor,4,3,1
106,hitmonlee,limber,7,1,0
106,hitmonlee,reckless,120,2,0
106,hitmonlee,unburden,84,3,1
107,hitmonchan,keen-eye,51,1,0
107,hitmonchan,iron-fist,89,2,0
107,hitmonchan,inner-focus,39,3,1
108,lickitung,own-tempo,20,1,0
108,lickitung,oblivious,12,2,0
108,lickitung,cloud-nine,13,3,1
109,koffing,levitate,26,1,0
109,koffing,neutralizing-gas,256,2,0
109,koffing,stench,1,3,1
110,weezing,levitate,26,1,0
110,weezing,neutralizing-gas,256,2,0
110,weezing,stench,1,3,1
111,rhyhorn,lightning-rod,31,1,0
111,rhyhorn,rock-head,69,2,0
111,rhyhorn,reckless,120,3,1
112,rhydon,lightning-rod,31,1,0
112,rhydon,rock-head,69,2,0
112,rhydon,reckless,120,3,1
113,chansey,natural-cure,30,1,0
113,chansey,serene-grace,32,2,0
113,chansey,healer,131,3,1
114,tangela,chlorophyll,34,1,0
114,tangela,leaf-guard,102,2,0
114,tangela,regenerator,144,3,1
115,kangaskhan,early-bird,48,1,0
115,kangaskhan,scrappy,113,2,0
115,kangaskhan,inner-focus,39,3,1
116,horsea,swift-swim,33,1,0
116,horsea,sniper,97,2,0
116,horsea,damp,6,3,1
117,seadra,poison-point,38,1,0
117,seadra,sniper,97,2,0
117,seadra,damp,6,3,1
118,goldeen,swift-swim,33,1,0
118,goldeen,water-veil,41,2,0
118,goldeen,lightning-rod,31,3,1
119,seaking,swift-swim,33,1,0
119,seaking,water-veil,41,2,0
119,seaking,lightning-rod,31,3,1
120,staryu,illuminate,35,1,0
120,staryu,natural-cure,30,2,0
120,staryu,analytic,148,3,1
121,starmie,illuminate,35,1,0
121,starmie,natural-cure,30,2,0
121,starmie,analytic,148,3,1
122,mr-mime,soundproof,43,1,0
122,mr-mime,filter,111,2,0
122,mr-mime,technician,101,3,1
123,scyther,swarm,68,1,0
123,scyther,technician,101,2,0
123,scyther,steadfast,80,3,1
124,jynx,oblivious,12,1,0
124,jynx,forewarn,108,2,0
124,jynx,dry-skin,87,3,1
125,electabuzz,static,9,1,0
125,electabuzz,vital-spirit,72,3,1
126,magmar,flame-body,49,1,0
126,magmar,vital-spirit,72,3,1
127,pinsir,hyper-cutter,52,1,0
127,pinsir,mold-breaker,104,2,0
127,pinsir,moxie,153,3,1
128,tauros,intimidate,22,1,0
128,tauros,anger-point,83,2,0
128,tauros,sheer-force,125,3,1
129,magikarp,swift-swim,33,1,0
129,magikarp,rattled,155,3,1
130,gyarados,intimidate,22,1,0
130,gyarados,moxie,153,3,1
131,lapras,water-absorb,11,1,0
131,lapras,shell-armor,75,2,0
131,lapras,hydration,93,3,1
132,ditto,limber,7,1,0
132,ditto,imposter,150,3,1
133,eevee,run-away,50,1,0
133,eevee,adaptability,91,2,0
133,eevee,anticipation,107,3,1
134,vaporeon,water-absorb,11,1,0
134,vaporeon,hydration,93,3,1
135,jolteon,volt-absorb,10,1,0
135,jolteon,quick-feet,95,3,1
136,flareon,flash-fire,18,1,0
136,flareon,guts,62,3,1
137,porygon,trace,36,1,0
137,porygon,download,88,2,0
137,porygon,analytic,148,3,1
138,omanyte,swift-swim,33,1,0
138,omanyte,shell-armor,75,2,0
138,omanyte,weak-armor,133,3,1
139,omastar,swift-swim,33,1,0
139,omastar,shell-armor,75,2,0
139,omastar,weak-armor,133,3,1
140,kabuto,swift-swim,33,1,0
140,kabuto,battle-armor,4,2,0
140,kabuto,weak-armor,133,3,1
141,kabutops,swift-swim,33,1,0
141,kabutops,battle-armor,4,2,0
141,kabutops,weak-armor,133,3,1
142,aerodactyl,rock-head,69,1,0
142,aerodactyl,pressure,46,2,0
142,aerodactyl,unnerve,127,3,1
143,snorlax,immunity,17,1,0
143,snorlax,thick-fat,47,2,0
143,snorlax,gluttony,82,3,1
144,articuno,pressure,46,1,0
144,articuno,snow-cloak,81,3,1
145,zapdos,pressure,46,1,0
145,zapdos,static,9,3,1
146,moltres,pressure,46,1,0
146,moltres,flame-body,49,3,1
147,dratini,shed-skin,61,1,0
147,dratini,marvel-scale,63,3,1
148,dragonair,shed-skin,61,1,0
148,dragonair,marvel-scale,63,3,1
149,dragonite,inner-focus,39,1,0
149,dragonite,multiscale,136,3,1
150,mewtwo,pressure,46,1,0
150,mewtwo,unnerve,127,3,1
151,mew,synchronize,28,1,0
152,chikorita,overgrow,65,1,0
152,chikorita,leaf-guard,102,3,1
153,bayleef,overgrow,65,1,0
153,bayleef,leaf-guard,102,3,1
154,meganium,overgrow,65,1,0
154,meganium,leaf-guard,102,3,1
155,cyndaquil,blaze,66,1,0
155,cyndaquil,flash-fire,18,3,1
156,quilava,blaze,66,1,0
156,quilava,flash-fire,18,3,1
157,typhlosion,blaze,66,1,0
157,typhlosion,flash-fire,18,3,1
158,totodile,torrent,67,1,0
158,totodile,sheer-force,125,3,1
159,croconaw,torrent,67,1,0
159,croconaw,sheer-force,125,3,1
160,feraligatr,torrent,67,1,0
160,feraligatr,sheer-force,125,3,1
161,sentret,run-away,50,1,0
161,sentret,keen-eye,51,2,0
161,sentret,frisk,119,3,1
162,furret,run-away,50,1,0
162,furret,keen-eye,51,2,0
162,furret,frisk,119,3,1
163,hoothoot,insomnia,15,1,0
163,hoothoot,keen-eye,51,2,0
163,hoothoot,tinted-lens,110,3,1
164,noctowl,insomnia,15,1,0
164,noctowl,keen-eye,51,2,0
164,noctowl,tinted-lens,110,3,1
165,ledyba,swarm,68,1,0
165,ledyba,early-bird,48,2,0
165,ledyba,rattled,155,3,1
166,ledian,swarm,68,1,0
166,ledian,early-bird,48,2,0
166,ledian,iron-fist,89,3,1
167,spinarak,swarm,68,1,0
167,spinarak,insomnia,15,2,0
167,spinarak,sniper,97,3,1
168,ariados,swarm,68,1,0
168,ariados,insomnia,15,2,0
168,ariados,sniper,97,3,1
169,crobat,inner-focus,39,1,0
169,crobat,infiltrator,151,3,1
170,chinchou,volt-absorb,10,1,0
170,chinchou,illuminate,35,2,0
170,chinchou,water-absorb,11,3,1
171,lanturn,volt-absorb,10,1,0
171,lanturn,illuminate,35,2,0
171,lanturn,water-absorb,11,3,1
172,pichu,static,9,1,0
172,pichu,lightning-rod,31,3,1
173,cleffa,cute-charm,56,1,0
173,cleffa,magic-guard,98,2,0
173,cleffa,friend-guard,132,3,1
174,igglybuff,cute-charm,56,1,0
174,igglybuff,competitive,172,2,0
174,igglybuff,friend-guard,132,3,1
175,togepi,hustle,55,1,0
175,togepi,serene-grace,32,2,0
175,togepi,super-luck,105,3,1
176,togetic,hustle,55,1,0
176,togetic,serene-grace,32,2,0
176,togetic,super-luck,105,3,1
177,natu,synchronize,28,1,0
177,natu,early-bird,48,2,0
177,natu,magic-bounce,156,3,1
178,xatu,synchronize,28,1,0
178,xatu,early-bird,48,2,0
178,xatu,magic-bounce,156,3,1
179,mareep,static,9,1,0
179,mareep,plus,57,3,1
180,flaaffy,static,9,1,0
180,flaaffy,plus,57,3,1
181,ampharos,static,9,1,0
181,ampharos,plus,57,3,1
182,bellossom,chlorophyll,34,1,0
182,bellossom,healer,131,3,1
183,marill,thick-fat,47,1,0
183,marill,huge-power,37,2,0
183,marill,sap-sipper,157,3,1
184,azumarill,thick-fat,47,1,0
184,azumarill,huge-power,37,2,0
184,azumarill,sap-sipper,157,3,1
185,sudowoodo,sturdy,5,1,0
185,sudowoodo,rock-head,69,2,0
185,sudowoodo,rattled,155,3,1
186,politoed,water-absorb,11,1,0
186,politoed,damp,6,2,0
186,politoed,drizzle,2,3,1
187,hoppip,chlorophyll,34,1,0
187,hoppip,leaf-guard,102,2,0
187,hoppip,infiltrator,151,3,1
188,skiploom,chlorophyll,34,1,0
188,skiploom,leaf-guard,102,2,0
188,skiploom,infiltrator,151,3,1
189,jumpluff,chlorophyll,34,1,0
189,jumpluff,leaf-guard,102,2,0
189,jumpluff,infiltrator,151,3,1
190,aipom,run-away,50,1,0
190,aipom,pickup,53,2,0
190,aipom,skill-link,92,3,1
191,sunkern,chlorophyll,34,1,0
191,sunkern,solar-power,94,2,0
191,sunkern,early-bird,48,3,1
192,sunflora,chlorophyll,34,1,0
192,sunflora,solar-power,94,2,0
192,sunflora,early-bird,48,3,1
193,yanma,speed-boost,3,1,0
193,yanma,compound-eyes,14,2,0
193,yanma,frisk,119,3,1
194,wooper,damp,6,1,0
194,wooper,water-absorb,11,2,0
194,wooper,unaware,109,3,1
195,quagsire,damp,6,1,0
195,quagsire,water-absorb,11,2,0
195,quagsire,unaware,109,3,1
196,espeon,synchronize,28,1,0
196,espeon,magic-bounce,156,3,1
197,umbreon,synchronize,28,1,0
197,umbreon,inner-focus,39,3,1
198,murkrow,insomnia,15,1,0
198,murkrow,super-luck,105,2,0
198,murkrow,prankster,158,3,1
199,slowking,oblivious,12,1,0
199,slowking,own-tempo,20,2,0
199,slowking,regenerator,144,3,1
200,misdreavus,levitate,26,1,0
201,unown,levitate,26,1,0
202,wobbuffet,shadow-tag,23,1,0
202,wobbuffet,telepathy,140,3,1
203,girafarig,inner-focus,39,1,0
203,girafarig,early-bird,48,2,0
203,girafarig,sap-sipper,157,3,1
204,pineco,sturdy,5,1,0
204,pineco,overcoat,142,3,1
205,forretress,sturdy,5,1,0
205,forretress,overcoat,142,3,1
206,dunsparce,serene-grace,32,1,0
206,dunsparce,run-away,50,2,0
206,dunsparce,rattled,155,3,1
207,gligar,hyper-cutter,52,1,0
207,gligar,sand-veil,8,2,0
207,gligar,immunity,17,3,1
208,steelix,rock-head,69,1,0
208,steelix,sturdy,5,2,0
208,steelix,sheer-force,125,3,1
209,snubbull,intimidate,22,1,0
209,snubbull,run-away,50,2,0
209,snubbull,rattled,155,3,1
210,granbull,intimidate,22,1,0
210,granbull,quick-feet,95,2,0
210,granbull,rattled,155,3,1
211,qwilfish,poison-point,38,1,0
211,qwilfish,swift-swim,33,2,0
211,qwilfish,intimidate,22,3,1
212,scizor,swarm,68,1,0
212,scizor,technician,101,2,0
212,scizor,light-metal,135,3,1
213,shuckle,sturdy,5,1,0
213,shuckle,gluttony,82,2,0
213,shuckle,contrary,126,3,1
214,heracross,swarm,68,1,0
214,heracross,guts,62,2,0
214,heracross,moxie,153,3,1
215,sneasel,inner-focus,39,1,0
215,sneasel,keen-eye,51,2,0
215,sneasel,pickpocket,124,3,1
216,teddiursa,pickup,53,1,0
216,teddiursa,quick-feet,95,2,0
216,teddiursa,honey-gather,118,3,1
217,ursaring,guts,62,1,0
217,ursaring,quick-feet,95,2,0
217,ursaring,unnerve,127,3,1
218,slugma,magma-armor,40,1,0
218,slugma,flame-body,49,2,0
218,slugma,weak-armor,133,3,1
219,magcargo,magma-armor,40,1,0
219,magcargo,flame-body,49,2,0
219,magcargo,weak-armor,133,3,1
220,swinub,oblivious,12,1,0
220,swinub,snow-cloak,81,2,0
220,swinub,thick-fat,47,3,1
221,piloswine,oblivious,12,1,0
221,piloswine,snow-cloak,81,2,0
221,piloswine,thick-fat,47,3,1
222,corsola,hustle,55,1,0
222,corsola,natural-cure,30,2,0
222,corsola,regenerator,144,3,1
223,remoraid,hustle,55,1,0
223,remoraid,sniper,97,2,0
223,remoraid,moody,141,3,1
224,octillery,suction-cups,21,1,0
224,octillery,sniper,97,2,0
224,octillery,moody,141,3,1
225,delibird,vital-spirit,72,1,0
225,delibird,hustle,55,2,0
225,delibird,insomnia,15,3,1
226,mantine,swift-swim,33,1,0
226,mantine,water-absorb,11,2,0
226,mantine,water-veil,41,3,1
227,skarmory,keen-eye,51,1,0
227,skarmory,sturdy,5,2,0
227,skarmory,weak-armor,133,3,1
228,houndour,early-bird,48,1,0
228,houndour,flash-fire,18,2,0
228,houndour,unnerve,127,3,1
229,houndoom,early-bird,48,1,0
229,houndoom,flash-fire,18,2,0
229,houndoom,unnerve,127,3,1
230,kingdra,swift-swim,33,1,0
230,kingdra,sniper,97,2,0
230,kingdra,damp,6,3,1
231,phanpy,pickup,53,1,0
231,phanpy,sand-veil,8,3,1
232,donphan,sturdy,5,1,0
232,donphan,sand-veil,8,3,1
233,porygon2,trace,36,1,0
233,porygon2,download,88,2,0
233,porygon2,analytic,148,3,1
234,stantler,intimidate,22,1,0
234,stantler,frisk,119,2,0
234,stantler,sap-sipper,157,3,1
235,smeargle,own-tempo,20,1,0
235,smeargle,technician,101,2,0
235,smeargle,moody,141,3,1
236,tyrogue,guts,62,1,0
236,tyrogue,steadfast,80,2,0
236,tyrogue,vital-spirit,72,3,1
237,hitmontop,intimidate,22,1,0
237,hitmontop,technician,101,2,0
237,hitmontop,steadfast,80,3,1
238,smoochum,oblivious,12,1,0
238,smoochum,forewarn,108,2,0
238,smoochum,hydration,93,3,1
239,elekid,static,9,1,0
239,elekid,vital-spirit,72,3,1
240,magby,flame-body,49,1,0
240,magby,vital-spirit,72,3,1
241,miltank,thick-fat,47,1,0
241,miltank,scrappy,113,2,0
241,miltank,sap-sipper,157,3,1
242,blissey,natural-cure,30,1,0
242,blissey,serene-grace,32,2,0
242,blissey,healer,131,3,1
243,raikou,pressure,46,1,0
243,raikou,inner-focus,39,3,1
244,entei,pressure,46,1,0
244,entei,inner-focus,39,3,1
245,suicune,pressure,46,1,0
245,suicune,inner-focus,39,3,1
246,larvitar,guts,62,1,0
246,larvitar,sand-veil,8,3,1
247,pupitar,shed-skin,61,1,0
248,tyranitar,sand-stream,45,1,0
248,tyranitar,unnerve,127,3,1
249,lugia,pressure,46,1,0
249,lugia,multiscale,136,3,1
250,ho-oh,pressure,46,1,0
250,ho-oh,regenerator,144,3,1
251,celebi,natural-cure,30,1,0
252,treecko,overgrow,65,1,0
252,treecko,unburden,84,3,1
253,grovyle,overgrow,65,1,0
253,grovyle,unburden,84,3,1
254,sceptile,overgrow,65,1,0
254,sceptile,unburden,84,3,1
255,torchic,blaze,66,1,0
255,torchic,speed-boost,3,3,1
256,combusken,blaze,66,1,0
256,combusken,speed-boost,3,3,1
257,blaziken,blaze,66,1,0
257,blaziken,speed-boost,3,3,1
258,mudkip,torrent,67,1,0
258,mudkip,damp,6,3,1
259,marshtomp,torrent,67,1,0
259,marshtomp,damp,6,3,1
260,swampert,torrent,67,1,0
260,swampert,damp,6,3,1
261,poochyena,run-away,50,1,0
261,poochyena,quick-feet,95,2,0
261,poochyena,rattled,155,3,1
262,mightyena,intimidate,22,1,0
262,mightyena,quick-feet,95,2,0
262,mightyena,moxie,153,3,1
263,zigzagoon,pickup,53,1,0
263,zigzagoon,gluttony,82,2,0
263,zigzagoon,quick-feet,95,3,1
264,linoone,pickup,53,1,0
264,linoone,gluttony,82,2,0
264,linoone,quick-feet,95,3,1
265,wurmple,shield-dust,19,1,0
265,wurmple,run-away,50,3,1
266,silcoon,shed-skin,61,1,0
267,beautifly,swarm,68,1,0
267,beautifly,rivalry,79,3,1
268,cascoon,shed-skin,61,1,0
269,dustox,shield-dust,19,1,0
269,dustox,compound-eyes,14,3,1
270,lotad,swift-swim,33,1,0
270,lotad,rain-dish,44,2,0
270,lotad,own-tempo,20,3,1
271,lombre,swift-swim,33,1,0
271,lombre,rain-dish,44,2,0
271,lombre,own-tempo,20,3,1
272,ludicolo,swift-swim,33,1,0
272,ludicolo,rain-dish,44,2,0
272,ludicolo,own-tempo,20,3,1
273,seedot,chlorophyll,34,1,0
273,seedot,early-bird,48,2,0
273,seedot,pickpocket,124,3,1
274,nuzleaf,chlorophyll,34,1,0
274,nuzleaf,early-bird,48,2,0
274,nuzleaf,pickpocket,124,3,1
275,shiftry,chlorophyll,34,1,0
275,shiftry,wind-rider,274,2,0
275,shiftry,pickpocket,124,3,1
276,taillow,guts,62,1,0
276,taillow,scrappy,113,3,1
277,swellow,guts,62,1,0
277,swellow,scrappy,113,3,1
278,wingull,keen-eye,51,1,0
278,wingull,hydration,93,2,0
278,wingull,rain-dish,44,3,1
279,pelipper,keen-eye,51,1,0
279,pelipper,drizzle,2,2,0
279,pelipper,rain-dish,44,3,1
280,ralts,synchronize,28,1,0
280,ralts,trace,36,2,0
280,ralts,telepathy,140,3,1
281,kirlia,synchronize,28,1,0
281,kirlia,trace,36,2,0
281,kirlia,telepathy,140,3,1
282,gardevoir,synchronize,28,1,0
282,gardevoir,trace,36,2,0
282,gardevoir,telepathy,140,3,1
283,surskit,swift-swim,33,1,0
283,surskit,rain-dish,44,3,1
284,masquerain,intimidate,22,1,0
284,masquerain,unnerve,127,3,1
285,shroomish,effect-spore,27,1,0
285,shroomish,poison-heal,90,2,0
285,shroomish,quick-feet,95,3,1
286,breloom,effect-spore,27,1,0
286,breloom,poison-heal,90,2,0
286,breloom,technician,101,3,1
287,slakoth,truant,54,1,0
288,vigoroth,vital-spirit,72,1,0
289,slaking,truant,54,1,0
290,nincada,compound-eyes,14,1,0
290,nincada,run-away,50,3,1
291,ninjask,speed-boost,3,1,0
291,ninjask,infiltrator,151,3,1
292,shedinja,wonder-guard,25,1,0
293,whismur,soundproof,43,1,0
293,whismur,rattled,155,3,1
294,loudred,soundproof,43,1,0
294,loudred,scrappy,113,3,1
295,exploud,soundproof,43,1,0
295,exploud,scrappy,113,3,1
296,makuhita,thick-fat,47,1,0
296,makuhita,guts,62,2,0
296,makuhita,sheer-force,125,3,1
297,hariyama,thick-fat,47,1,0
297,hariyama,guts,62,2,0
297,hariyama,sheer-force,125,3,1
298,azurill,thick-fat,47,1,0
298,azurill,huge-power,37,2,0
298,azurill,sap-sipper,157,3,1
299,nosepass,sturdy,5,1,0
299,nosepass,magnet-pull,42,2,0
299,nosepass,sand-force,159,3,1
300,skitty,cute-charm,56,1,0
300,skitty,normalize,96,2,0
300,skitty,wonder-skin,147,3,1
301,delcatty,cute-charm,56,1,0
301,delcatty,normalize,96,2,0
301,delcatty,wonder-skin,147,3,1
302,sableye,keen-eye,51,1,0
302,sableye,stall,100,2,0
302,sableye,prankster,158,3,1
303,mawile,hyper-cutter,52,1,0
303,mawile,intimidate,22,2,0
303,mawile,sheer-force,125,3,1
304,aron,sturdy,5,1,0
304,aron,rock-head,69,2,0
304,aron,heavy-metal,134,3,1
305,lairon,sturdy,5,1,0
305,lairon,rock-head,69,2,0
305,lairon,heavy-metal,134,3,1
306,aggron,sturdy,5,1,0
306,aggron,rock-head,69,2,0
306,aggron,heavy-metal,134,3,1
307,meditite,pure-power,74,1,0
307,meditite,telepathy,140,3,1
308,medicham,pure-power,74,1,0
308,medicham,telepathy,140,3,1
309,electrike,static,9,1,0
309,electrike,lightning-rod,31,2,0
309,electrike,minus,58,3,1
310,manectric,static,9,1,0
310,manectric,lightning-rod,31,2,0
310,manectric,minus,58,3,1
311,plusle,plus,57,1,0
311,plusle,lightning-rod,31,3,1
312,minun,minus,58,1,0
312,minun,volt-absorb,10,3,1
313,volbeat,illuminate,35,1,0
313,volbeat,swarm,68,2,0
313,volbeat,prankster,158,3,1
314,illumise,oblivious,12,1,0
314,illumise,tinted-lens,110,2,0
314,illumise,prankster,158,3,1
315,roselia,natural-cure,30,1,0
315,roselia,poison-point,38,2,0
315,roselia,leaf-guard,102,3,1
316,gulpin,liquid-ooze,64,1,0
316,gulpin,sticky-hold,60,2,0
316,gulpin,gluttony,82,3,1
317,swalot,liquid-ooze,64,1,0
317,swalot,sticky-hold,60,2,0
317,swalot,gluttony,82,3,1
318,carvanha,rough-skin,24,1,0
318,carvanha,speed-boost,3,3,1
319,sharpedo,rough-skin,24,1,0
319,sharpedo,speed-boost,3,3,1
320,wailmer,water-veil,41,1,0
320,wailmer,oblivious,12,2,0
320,wailmer,pressure,46,3,1
321,wailord,water-veil,41,1,0
321,wailord,oblivious,12,2,0
321,wailord,pressure,46,3,1
322,numel,oblivious,12,1,0
322,numel,simple,86,2,0
322,numel,own-tempo,20,3,1
323,camerupt,magma-armor,40,1,0
323,camerupt,solid-rock,116,2,0
323,camerupt,anger-point,83,3,1
324,torkoal,white-smoke,73,1,0
324,torkoal,drought,70,2,0
324,torkoal,shell-armor,75,3,1
325,spoink,thick-fat,47,1,0
325,spoink,own-tempo,20,2,0
325,spoink,gluttony,82,3,1
326,grumpig,thick-fat,47,1,0
326,grumpig,own-tempo,20,2,0
326,grumpig,gluttony,82,3,1
327,spinda,own-tempo,20,1,0
327,spinda,tangled-feet,77,2,0
327,spinda,contrary,126,3,1
328,trapinch,hyper-cutter,52,1,0
328,trapinch,arena-trap,71,2,0
328,trapinch,sheer-force,125,3,1
329,vibrava,levitate,26,1,0
330,flygon,levitate,26,1,0
331,cacnea,sand-veil,8,1,0
331,cacnea,water-absorb,11,3,1
332,cacturne,sand-veil,8,1,0
332,cacturne,water-absorb,11,3,1
333,swablu,natural-cure,30,1,0
333,swablu,cloud-nine,13,3,1
334,altaria,natural-cure,30,1,0
334,altaria,cloud-nine,13,3,1
335,zangoose,immunity,17,1,0
335,zangoose,toxic-boost,137,3,1
336,seviper,shed-skin,61,1,0
336,seviper,infiltrator,151,3,1
337,lunatone,levitate,26,1,0
338,solrock,levitate,26,1,0
339,barboach,oblivious,12,1,0
339,barboach,anticipation,107,2,0
339,barboach,hydration,93,3,1
340,whiscash,oblivious,12,1,0
340,whiscash,anticipation,107,2,0
340,whiscash,hydration,93,3,1
341,corphish,hyper-cutter,52,1,0
341,corphish,shell-armor,75,2,0
341,corphish,adaptability,91,3,1
342,crawdaunt,hyper-cutter,52,1,0
342,crawdaunt,shell-armor,75,2,0
342,crawdaunt,adaptability,91,3,1
343,baltoy,levitate,26,1,0
344,claydol,levitate,26,1,0
345,lileep,suction-cups,21,1,0
345,lileep,storm-drain,114,3,1
346,cradily,suction-cups,21,1,0
346,cradily,storm-drain,114,3,1
347,anorith,battle-armor,4,1,0
347,anorith,swift-swim,33,3,1
348,armaldo,battle-armor,4,1,0
348,armaldo,swift-swim,33,3,1
349,feebas,swift-swim,33,1,0
349,feebas,oblivious,12,2,0
349,feebas,adaptability,91,3,1
350,milotic,marvel-scale,63,1,0
350,milotic,competitive,172,2,0
350,milotic,cute-charm,56,3,1
351,castform,forecast,59,1,0
352,kecleon,color-change,16,1,0
352,kecleon,protean,168,3,1
353,shuppet,insomnia,15,1,0
353,shuppet,frisk,119,2,0
353,shuppet,cursed-body,130,3,1
354,banette,insomnia,15,1,0
354,banette,frisk,119,2,0
354,banette,cursed-body,130,3,1
355,duskull,levitate,26,1,0
355,duskull,frisk,119,3,1
356,dusclops,pressure,46,1,0
356,dusclops,frisk,119,3,1
357,tropius,chlorophyll,34,1,0
357,tropius,solar-power,94,2,0
357,tropius,harvest,139,3,1
358,chimecho,levitate,26,1,0
359,absol,pressure,46,1,0
359,absol,super-luck,105,2,0
359,absol,justified,154,3,1
360,wynaut,shadow-tag,23,1,0
360,wynaut,telepathy,140,3,1
361,snorunt,inner-focus,39,1,0
361,snorunt,ice-body,115,2,0
361,snorunt,moody,141,3,1
362,glalie,inner-focus,39,1,0
362,glalie,ice-body,115,2,0
362,glalie,moody,141,3,1
363,spheal,thick-fat,47,1,0
363,spheal,ice-body,115,2,0
363,spheal,oblivious,12,3,1
364,sealeo,thick-fat,47,1,0
364,sealeo,ice-body,115,2,0
364,sealeo,oblivious,12,3,1
365,walrein,thick-fat,47,1,0
365,walrein,ice-body,115,2,0
365,walrein,oblivious,12,3,1
366,clamperl,shell-armor,75,1,0
366,clamperl,rattled,155,3,1
367,huntail,swift-swim,33,1,0
367,huntail,water-veil,41,3,1
368,gorebyss,swift-swim,33,1,0
368,gorebyss,hydration,93,3,1
369,relicanth,swift-swim,33,1,0
369,relicanth,rock-head,69,2,0
369,relicanth,sturdy,5,3,1
370,luvdisc,swift-swim,33,1,0
370,luvdisc,hydration,93,3,1
371,bagon,rock-head,69,1,0
371,bagon,sheer-force,125,3,1
372,shelgon,rock-head,69,1,0
372,shelgon,overcoat,142,3,1
373,salamence,intimidate,22,1,0
373,salamence,moxie,153,3,1
374,beldum,clear-body,29,1,0
374,beldum,light-metal,135,3,1
375,metang,clear-body,29,1,0
375,metang,light-metal,135,3,1
376,metagross,clear-body,29,1,0
376,metagross,light-metal,135,3,1
377,regirock,clear-body,29,1,0
377,regirock,sturdy,5,3,1
378,regice,clear-body,29,1,0
378,regice,ice-body,115,3,1
379,registeel,clear-body,29,1,0
379,registeel,light-metal,135,3,1
380,latias,levitate,26,1,0
381,latios,levitate,26,1,0
382,kyogre,drizzle,2,1,0
383,groudon,drought,70,1,0
384,rayquaza,air-lock,76,1,0
385,jirachi,serene-grace,32,1,0
386,deoxys-normal,pressure,46,1,0
387,turtwig,overgrow,65,1,0
387,turtwig,shell-armor,75,3,1
388,grotle,overgrow,65,1,0
388,grotle,shell-armor,75,3,1
389,torterra,overgrow,65,1,0
389,torterra,shell-armor,75,3,1
390,chimchar,blaze,66,1,0
390,chimchar,iron-fist,89,3,1
391,monferno,blaze,66,1,0
391,monferno,iron-fist,89,3,1
392,infernape,blaze,66,1,0
392,infernape,iron-fist,89,3,1
393,piplup,torrent,67,1,0
393,piplup,competitive,172,3,1
394,prinplup,torrent,67,1,0
394,prinplup,competitive,172,3,1
395,empoleon,torrent,67,1,0
395,empoleon,competitive,172,3,1
396,starly,keen-eye,51,1,0
396,starly,reckless,120,3,1
397,staravia,intimidate,22,1,0
397,staravia,reckless,120,3,1
398,staraptor,intimidate,22,1,0
398,staraptor,reckless,120,3,1
399,bidoof,simple,86,1,0
399,bidoof,unaware,109,2,0
399,bidoof,moody,141,3,1
400,bibarel,simple,86,1,0
400,bibarel,unaware,109,2,0
400,bibarel,moody,141,3,1
401,kricketot,shed-skin,61,1,0
401,kricketot,run-away,50,3,1
402,kricketune,swarm,68,1,0
402,kricketune,technician,101,3,1
403,shinx,rivalry,79,1,0
403,shinx,intimidate,22,2,0
403,shinx,guts,62,3,1
404,luxio,rivalry,79,1,0
404,luxio,intimidate,22,2,0
404,luxio,guts,62,3,1
405,luxray,rivalry,79,1,0
405,luxray,intimidate,22,2,0
405,luxray,guts,62,3,1
406,budew,natural-cure,30,1,0
406,budew,poison-point,38,2,0
406,budew,leaf-guard,102,3,1
407,roserade,natural-cure,30,1,0
407,roserade,poison-point,38,2,0
407,roserade,technician,101,3,1
408,cranidos,mold-breaker,104,1,0
408,cranidos,sheer-force,125,3,1
409,rampardos,mold-breaker,104,1,0
409,rampardos,sheer-force,125,3,1
410,shieldon,sturdy,5,1,0
410,shieldon,soundproof,43,3,1
411,bastiodon,sturdy,5,1,0
411,bastiodon,soundproof,43,3,1
412,burmy,shed-skin,61,1,0
412,burmy,overcoat,142,3,1
413,wormadam-plant,anticipation,107,1,0
413,wormadam-plant,overcoat,142,3,1
414,mothim,swarm,68,1,0
414,mothim,tinted-lens,110,3,1
415,combee,honey-gather,118,1,0
415,combee,hustle,55,3,1
416,vespiquen,pressure,46,1,0
416,vespiquen,unnerve,127,3,1
417,pachirisu,run-away,50,1,0
417,pachirisu,pickup,53,2,0
417,pachirisu,volt-absorb,10,3,1
418,buizel,swift-swim,33,1,0
418,buizel,water-veil,41,3,1
419,floatzel,swift-swim,33,1,0
419,floatzel,water-veil,41,3,1
420,cherubi,chlorophyll,34,1,0
421,cherrim,flower-gift,122,1,0
422,shellos,sticky-hold,60,1,0
422,shellos,storm-drain,114,2,0
422,shellos,sand-force,159,3,1
423,gastrodon,sticky-hold,60,1,0
423,gastrodon,storm-drain,114,2,0
423,gastrodon,sand-force,159,3,1
424,ambipom,technician,101,1,0
424,ambipom,pickup,53,2,0
424,ambipom,skill-link,92,3,1
425,drifloon,aftermath,106,1,0
425,drifloon,unburden,84,2,0
425,drifloon,flare-boost,138,3,1
426,drifblim,aftermath,106,1,0
426,drifblim,unburden,84,2,0
426,drifblim,flare-boost,138,3,1
427,buneary,run-away,50,1,0
427,buneary,klutz,103,2,0
427,buneary,limber,7,3,1
428,lopunny,cute-charm,56,1,0
428,lopunny,klutz,103,2,0
428,lopunny,limber,7,3,1
429,mismagius,levitate,26,1,0
430,honchkrow,insomnia,15,1,0
430,honchkrow,super-luck,105,2,0
430,honchkrow,moxie,153,3,1
431,glameow,limber,7,1,0
431,glameow,own-tempo,20,2,0
431,glameow,keen-eye,51,3,1
432,purugly,thick-fat,47,1,0
432,purugly,own-tempo,20,2,0
432,purugly,defiant,128,3,1
433,chingling,levitate,26,1,0
434,stunky,stench,1,1,0
434,stunky,aftermath,106,2,0
434,stunky,keen-eye,51,3,1
435,skuntank,stench,1,1,0
435,skuntank,aftermath,106,2,0
435,skuntank,keen-eye,51,3,1
436,bronzor,levitate,26,1,0
436,bronzor,heatproof,85,2,0
436,bronzor,heavy-metal,134,3,1
437,bronzong,levitate,26,1,0
437,bronzong,heatproof,85,2,0
437,bronzong,heavy-metal,134,3,1
438,bonsly,sturdy,5,1,0
438,bonsly,rock-head,69,2,0
438,bonsly,rattled,155,3,1
439,mime-jr,soundproof,43,1,0
439,mime-jr,filter,111,2,0
439,mime-jr,technician,101,3,1
440,happiny,natural-cure,30,1,0
440,happiny,serene-grace,32,2,0
440,happiny,friend-guard,132,3,1
441,chatot,keen-eye,51,1,0
441,chatot,tangled-feet,77,2,0
441,chatot,big-pecks,145,3,1
442,spiritomb,pressure,46,1,0
442,spiritomb,infiltrator,151,3,1
443,gible,sand-veil,8,1,0
443,gible,rough-skin,24,3,1
444,gabite,sand-veil,8,1,0
444,gabite,rough-skin,24,3,1
445,garchomp,sand-veil,8,1,0
445,garchomp,rough-skin,24,3,1
446,munchlax,pickup,53,1,0
446,munchlax,thick-fat,47,2,0
446,munchlax,gluttony,82,3,1
447,riolu,steadfast,80,1,0
447,riolu,inner-focus,39,2,0
447,riolu,prankster,158,3,1
448,lucario,steadfast,80,1,0
448,lucario,inner-focus,39,2,0
448,lucario,justified,154,3,1
449,hippopotas,sand-stream,45,1,0
449,hippopotas,sand-force,159,3,1
450,hippowdon,sand-stream,45,1,0
450,hippowdon,sand-force,159,3,1
451,skorupi,battle-armor,4,1,0
451,skorupi,sniper,97,2,0
451,skorupi,keen-eye,51,3,1
452,drapion,battle-armor,4,1,0
452,drapion,sniper,97,2,0
452,drapion,keen-eye,51,3,1
453,croagunk,anticipation,107,1,0
453,croagunk,dry-skin,87,2,0
453,croagunk,poison-touch,143,3,1
454,toxicroak,anticipation,107,1,0
454,toxicroak,dry-skin,87,2,0
454,toxicroak,poison-touch,143,3,1
455,carnivine,levitate,26,1,0
456,finneon,swift-swim,33,1,0
456,finneon,storm-drain,114,2,0
456,finneon,water-veil,41,3,1
457,lumineon,swift-swim,33,1,0
457,lumineon,storm-drain,114,2,0
457,lumineon,water-veil,41,3,1
458,mantyke,swift-swim,33,1,0
458,mantyke,water-absorb,11,2,0
458,mantyke,water-veil,41,3,1
459,snover,snow-warning,117,1,0
459,snover,soundproof,43,3,1
460,abomasnow,snow-warning,117,1,0
460,abomasnow,soundproof,43,3,1
461,weavile,pressure,46,1,0
461,weavile,pickpocket,124,3,1
462,magnezone,magnet-pull,42,1,0
462,magnezone,sturdy,5,2,0
462,magnezone,analytic,148,3,1
463,lickilicky,own-tempo,20,1,0
463,lickilicky,oblivious,12,2,0
463,lickilicky,cloud-nine,13,3,1
464,rhyperior,lightning-rod,31,1,0
464,rhyperior,solid-rock,116,2,0
464,rhyperior,reckless,120,3,1
465,tangrowth,chlorophyll,34,1,0
465,tangrowth,leaf-guard,102,2,0
465,tangrowth,regenerator,144,3,1
466,electivire,motor-drive,78,1,0
466,electivire,vital-spirit,72,3,1
467,magmortar,flame-body,49,1,0
467,magmortar,vital-spirit,72,3,1
468,togekiss,hustle,55,1,0
468,togekiss,serene-grace,32,2,0
468,togekiss,super-luck,105,3,1
469,yanmega,speed-boost,3,1,0
469,yanmega,tinted-lens,110,2,0
469,yanmega,frisk,119,3,1
470,leafeon,leaf-guard,102,1,0
470,leafeon,chlorophyll,34,3,1
471,glaceon,snow-cloak,81,1,0
471,glaceon,ice-body,115,3,1
472,gliscor,hyper-cutter,52,1,0
472,gliscor,sand-veil,8,2,0
472,gliscor,poison-heal,90,3,1
473,mamoswine,oblivious,12,1,0
473,mamoswine,snow-cloak,81,2,0
473,mamoswine,thick-fat,47,3,1
474,porygon-z,adaptability,91,1,0
474,porygon-z,download,88,2,0
474,porygon-z,analytic,148,3,1
475,gallade,steadfast,80,1,0
475,gallade,sharpness,292,2,0
475,gallade,justified,154,3,1
476,probopass,sturdy,5,1,0
476,probopass,magnet-pull,42,2,0
476,probopass,sand-force,159,3,1
477,dusknoir,pressure,46,1,0
477,dusknoir,frisk,119,3,1
478,froslass,snow-cloak,81,1,0
478,froslass,cursed-body,130,3,1
479,rotom,levitate,26,1,0
480,uxie,levitate,26,1,0
481,mesprit,levitate,26,1,0
482,azelf,levitate,26,1,0
483,dialga,pressure,46,1,0
483,dialga,telepathy,140,3,1
484,palkia,pressure,46,1,0
484,palkia,telepathy,140,3,1
485,heatran,flash-fire,18,1,0
485,heatran,flame-body,49,3,1
486,regigigas,slow-start,112,1,0
487,giratina-altered,pressure,46,1,0
487,giratina-altered,telepathy,140,3,1
488,cresselia,levitate,26,1,0
489,phione,hydration,93,1,0
490,manaphy,hydration,93,1,0
491,darkrai,bad-dreams,123,1,0
492,shaymin-land,natural-cure,30,1,0
493,arceus,multitype,121,1,0
494,victini,victory-star,162,1,0
495,snivy,overgrow,65,1,0
495,snivy,contrary,126,3,1
496,servine,overgrow,65,1,0
496,servine,contrary,126,3,1
497,serperior,overgrow,65,1,0
497,serperior,contrary,126,3,1
498,tepig,blaze,66,1,0
498,tepig,thick-fat,47,3,1
499,pignite,blaze,66,1,0
499,pignite,thick-fat,47,3,1
500,emboar,blaze,66,1,0
500,emboar,reckless,120,3,1
501,oshawott,torrent,67,1,0
501,oshawott,shell-armor,75,3,1
502,dewott,torrent,67,1,0
502,dewott,shell-armor,75,3,1
503,samurott,torrent,67,1,0
503,samurott,shell-armor,75,3,1
504,patrat,run-away,50,1,0
504,patrat,keen-eye,51,2,0
504,patrat,analytic,148,3,1
505,watchog,illuminate,35,1,0
505,watchog,keen-eye,51,2,0
505,watchog,analytic,148,3,1
506,lillipup,vital-spirit,72,1,0
506,lillipup,pickup,53,2,0
506,lillipup,run-away,50,3,1
507,herdier,intimidate,22,1,0
507,herdier,sand-rush,146,2,0
507,herdier,scrappy,113,3,1
508,stoutland,intimidate,22,1,0
508,stoutland,sand-rush,146,2,0
508,stoutland,scrappy,113,3,1
509,purrloin,limber,7,1,0
509,purrloin,unburden,84,2,0
509,purrloin,prankster,158,3,1
510,liepard,limber,7,1,0
510,liepard,unburden,84,2,0
510,liepard,prankster,158,3,1
511,pansage,gluttony,82,1,0
511,pansage,overgrow,65,3,1
512,simisage,gluttony,82,1,0
512,simisage,overgrow,65,3,1
513,pansear,gluttony,82,1,0
513,pansear,blaze,66,3,1
514,simisear,gluttony,82,1,0
514,simisear,blaze,66,3,1
515,panpour,gluttony,82,1,0
515,panpour,torrent,67,3,1
516,simipour,gluttony,82,1,0
516,simipour,torrent,67,3,1
517,munna,forewarn,108,1,0
517,munna,synchronize,28,2,0
517,munna,telepathy,140,3,1
518,musharna,forewarn,108,1,0
518,musharna,synchronize,28,2,0
518,musharna,telepathy,140,3,1
519,pidove,big-pecks,145,1,0
519,pidove,super-luck,105,2,0
519,pidove,rivalry,79,3,1
520,tranquill,big-pecks,145,1,0
520,tranquill,super-luck,105,2,0
520,tranquill,rivalry,79,3,1
521,unfezant,big-pecks,145,1,0
521,unfezant,super-luck,105,2,0
521,unfezant,rivalry,79,3,1
522,blitzle,lightning-rod,31,1,0
522,blitzle,motor-drive,78,2,0
522,blitzle,sap-sipper,157,3,1
523,zebstrika,lightning-rod,31,1,0
523,zebstrika,motor-drive,78,2,0
523,zebstrika,sap-sipper,157,3,1
524,roggenrola,sturdy,5,1,0
524,roggenrola,weak-armor,133,2,0
524,roggenrola,sand-force,159,3,1
525,boldore,sturdy,5,1,0
525,boldore,weak-armor,133,2,0
525,boldore,sand-force,159,3,1
526,gigalith,sturdy,5,1,0
526,gigalith,sand-stream,45,2,0
526,gigalith,sand-force,159,3,1
527,woobat,unaware,109,1,0
527,woobat,klutz,103,2,0
527,woobat,simple,86,3,1
528,swoobat,unaware,109,1,0
528,swoobat,klutz,103,2,0
528,swoobat,simple,86,3,1
529,drilbur,sand-rush,146,1,0
529,drilbur,sand-force,159,2,0
529,drilbur,mold-breaker,104,3,1
530,excadrill,sand-rush,146,1,0
530,excadrill,sand-force,159,2,0
530,excadrill,mold-breaker,104,3,1
531,audino,healer,131,1,0
531,audino,regenerator,144,2,0
531,audino,klutz,103,3,1
532,timburr,guts,62,1,0
532,timburr,sheer-force,125,2,0
532,timburr,iron-fist,89,3,1
533,gurdurr,guts,62,1,0
533,gurdurr,sheer-force,125,2,0
533,gurdurr,iron-fist,89,3,1
534,conkeldurr,guts,62,1,0
534,conkeldurr,sheer-force,125,2,0
534,conkeldurr,iron-fist,89,3,1
535,tympole,swift-swim,33,1,0
535,tympole,hydration,93,2,0
535,tympole,water-absorb,11,3,1
536,palpitoad,swift-swim,33,1,0
536,palpitoad,hydration,93,2,0
536,palpitoad,water-absorb,11,3,1
537,seismitoad,swift-swim,33,1,0
537,seismitoad,poison-touch,143,2,0
537,seismitoad,water-absorb,11,3,1
538,throh,guts,62,1,0
538,throh,inner-focus,39,2,0
538,throh,mold-breaker,104,3,1
539,sawk,sturdy,5,1,0
539,sawk,inner-focus,39,2,0
539,sawk,mold-breaker,104,3,1
540,sewaddle,swarm,68,1,0
540,sewaddle,chlorophyll,34,2,0
540,sewaddle,overcoat,142,3,1
541,swadloon,leaf-guard,102,1,0
541,swadloon,chlorophyll,34,2,0
541,swadloon,overcoat,142,3,1
542,leavanny,swarm,68,1,0
542,leavanny,chlorophyll,34,2,0
542,leavanny,overcoat,142,3,1
543,venipede,poison-point,38,1,0
543,venipede,swarm,68,2,0
543,venipede,speed-boost,3,3,1
544,whirlipede,poison-point,38,1,0
544,whirlipede,swarm,68,2,0
544,whirlipede,speed-boost,3,3,1
545,scolipede,poison-point,38,1,0
545,scolipede,swarm,68,2,0
545,scolipede,speed-boost,3,3,1
546,cottonee,prankster,158,1,0
546,cottonee,infiltrator,151,2,0
546,cottonee,chlorophyll,34,3,1
547,whimsicott,prankster,158,1,0
547,whimsicott,infiltrator,151,2,0
547,whimsicott,chlorophyll,34,3,1
548,petilil,chlorophyll,34,1,0
548,petilil,own-tempo,20,2,0
548,petilil,leaf-guard,102,3,1
549,lilligant,chlorophyll,34,1,0
549,lilligant,own-tempo,20,2,0
549,lilligant,leaf-guard,102,3,1
550,basculin-red-striped,reckless,120,1,0
550,basculin-red-striped,adaptability,91,2,0
550,basculin-red-striped,mold-breaker,104,3,1
551,sandile,intimidate,22,1,0
551,sandile,moxie,153,2,0
551,sandile,anger-point,83,3,1
552,krokorok,intimidate,22,1,0
552,krokorok,moxie,153,2,0
552,krokorok,anger-point,83,3,1
553,krookodile,intimidate,22,1,0
553,krookodile,moxie,153,2,0
553,krookodile,anger-point,83,3,1
554,darumaka,hustle,55,1,0
554,darumaka,inner-focus,39,3,1
555,darmanitan-standard,sheer-force,125,1,0
555,darmanitan-standard,zen-mode,161,3,1
556,maractus,water-absorb,11,1,0
556,maractus,chlorophyll,34,2,0
556,maractus,storm-drain,114,3,1
557,dwebble,sturdy,5,1,0
557,dwebble,shell-armor,75,2,0
557,dwebble,weak-armor,133,3,1
558,crustle,sturdy,5,1,0
558,crustle,shell-armor,75,2,0
558,crustle,weak-armor,133,3,1
559,scraggy,shed-skin,61,1,0
559,scraggy,moxie,153,2,0
559,scraggy,intimidate,22,3,1
560,scrafty,shed-skin,61,1,0
560,scrafty,moxie,153,2,0
560,scrafty,intimidate,22,3,1
561,sigilyph,wonder-skin,147,1,0
561,sigilyph,magic-guard,98,2,0
561,sigilyph,tinted-lens,110,3,1
562,yamask,mummy,152,1,0
563,cofagrigus,mummy,152,1,0
564,tirtouga,solid-rock,116,1,0
564,tirtouga,sturdy,5,2,0
564,tirtouga,swift-swim,33,3,1
565,carracosta,solid-rock,116,1,0
565,carracosta,sturdy,5,2,0
565,carracosta,swift-swim,33,3,1
566,archen,defeatist,129,1,0
567,archeops,defeatist,129,1,0
568,trubbish,stench,1,1,0
568,trubbish,sticky-hold,60,2,0
568,trubbish,aftermath,106,3,1
569,garbodor,stench,1,1,0
569,garbodor,weak-armor,133,2,0
569,garbodor,aftermath,106,3,1
570,zorua,illusion,149,1,0
571,zoroark,illusion,149,1,0
572,minccino,cute-charm,56,1,0
572,minccino,technician,101,2,0
572,minccino,skill-link,92,3,1
573,cinccino,cute-charm,56,1,0
573,cinccino,technician,101,2,0
573,cinccino,skill-link,92,3,1
574,gothita,frisk,119,1,0
574,gothita,competitive,172,2,0
574,gothita,shadow-tag,23,3,1
575,gothorita,frisk,119,1,0
575,gothorita,competitive,172,2,0
575,gothorita,shadow-tag,23,3,1
576,gothitelle,frisk,119,1,0
576,gothitelle,competitive,172,2,0
576,gothitelle,shadow-tag,23,3,1
577,solosis,overcoat,142,1,0
577,solosis,magic-guard,98,2,0
577,solosis,regenerator,144,3,1
578,duosion,overcoat,142,1,0
578,duosion,magic-guard,98,2,0
578,duosion,regenerator,144,3,1
579,reuniclus,overcoat,142,1,0
579,reuniclus,magic-guard,98,2,0
579,reuniclus,regenerator,144,3,1
580,ducklett,keen-eye,51,1,0
580,ducklett,big-pecks,145,2,0
580,ducklett,hydration,93,3,1
581,swanna,keen-eye,51,1,0
581,swanna,big-pecks,145,2,0
581,swanna,hydration,93,3,1
582,vanillite,ice-body,115,1,0
582,vanillite,snow-cloak,81,2,0
582,vanillite,weak-armor,133,3,1
583,vanillish,ice-body,115,1,0
583,vanillish,snow-cloak,81,2,0
583,vanillish,weak-armor,133,3,1
584,vanilluxe,ice-body,115,1,0
584,vanilluxe,snow-warning,117,2,0
584,vanilluxe,weak-armor,133,3,1
585,deerling,chlorophyll,34,1,0
585,deerling,sap-sipper,157,2,0
585,deerling,serene-grace,32,3,1
586,sawsbuck,chlorophyll,34,1,0
586,sawsbuck,sap-sipper,157,2,0
586,sawsbuck,serene-grace,32,3,1
587,emolga,static,9,1,0
587,emolga,motor-drive,78,3,1
588,karrablast,swarm,68,1,0
588,karrablast,shed-skin,61,2,0
588,karrablast,no-guard,99,3,1
589,escavalier,swarm,68,1,0
589,escavalier,shell-armor,75,2,0
589,escavalier,overcoat,142,3,1
590,foongus,effect-spore,27,1,0
590,foongus,regenerator,144,3,1
591,amoonguss,effect-spore,27,1,0
591,amoonguss,regenerator,144,3,1
592,frillish,water-absorb,11,1,0
592,frillish,cursed-body,130,2,0
592,frillish,damp,6,3,1
593,jellicent,water-absorb,11,1,0
593,jellicent,cursed-body,130,2,0
593,jellicent,damp,6,3,1
594,alomomola,healer,131,1,0
594,alomomola,hydration,93,2,0
594,alomomola,regenerator,144,3,1
595,joltik,compound-eyes,14,1,0
595,joltik,unnerve,127,2,0
595,joltik,swarm,68,3,1
596,galvantula,compound-eyes,14,1,0
596,galvantula,unnerve,127,2,0
596,galvantula,swarm,68,3,1
597,ferroseed,iron-barbs,160,1,0
598,ferrothorn,iron-barbs,160,1,0
598,ferrothorn,anticipation,107,3,1
599,klink,plus,57,1,0
599,klink,minus,58,2,0
599,klink,clear-body,29,3,1
600,klang,plus,57,1,0
600,klang,minus,58,2,0
600,klang,clear-body,29,3,1
601,klinklang,plus,57,1,0
601,klinklang,minus,58,2,0
601,klinklang,clear-body,29,3,1
602,tynamo,levitate,26,1,0
603,eelektrik,levitate,26,1,0
604,eelektross,levitate,26,1,0
605,elgyem,telepathy,140,1,0
605,elgyem,synchronize,28,2,0
605,elgyem,analytic,148,3,1
606,beheeyem,telepathy,140,1,0
606,beheeyem,synchronize,28,2,0
606,beheeyem,analytic,148,3,1
607,litwick,flash-fire,18,1,0
607,litwick,flame-body,49,2,0
607,litwick,infiltrator,151,3,1
608,lampent,flash-fire,18,1,0
608,lampent,flame-body,49,2,0
608,lampent,infiltrator,151,3,1
609,chandelure,flash-fire,18,1,0
609,chandelure,flame-body,49,2,0
609,chandelure,infiltrator,151,3,1
610,axew,rivalry,79,1,0
610,axew,mold-breaker,104,2,0
610,axew,unnerve,127,3,1
611,fraxure,rivalry,79,1,0
611,fraxure,mold-breaker,104,2,0
611,fraxure,unnerve,127,3,1
612,haxorus,rivalry,79,1,0
612,haxorus,mold-breaker,104,2,0
612,haxorus,unnerve,127,3,1
613,cubchoo,snow-cloak,81,1,0
613,cubchoo,slush-rush,202,2,0
613,cubchoo,rattled,155,3,1
614,beartic,snow-cloak,81,1,0
614,beartic,slush-rush,202,2,0
614,beartic,swift-swim,33,3,1
615,cryogonal,levitate,26,1,0
616,shelmet,hydration,93,1,0
616,shelmet,shell-armor,75,2,0
616,shelmet,overcoat,142,3,1
617,accelgor,hydration,93,1,0
617,accelgor,sticky-hold,60,2,0
617,accelgor,unburden,84,3,1
618,stunfisk,static,9,1,0
618,stunfisk,limber,7,2,0
618,stunfisk,sand-veil,8,3,1
619,mienfoo,inner-focus,39,1,0
619,mienfoo,regenerator,144,2,0
619,mienfoo,reckless,120,3,1
620,mienshao,inner-focus,39,1,0
620,mienshao,regenerator,144,2,0
620,mienshao,reckless,120,3,1
621,druddigon,rough-skin,24,1,0
621,druddigon,sheer-force,125,2,0
621,druddigon,mold-breaker,104,3,1
622,golett,iron-fist,89,1,0
622,golett,klutz,103,2,0
622,golett,no-guard,99,3,1
623,golurk,iron-fist,89,1,0
623,golurk,klutz,103,2,0
623,golurk,no-guard,99,3,1
624,pawniard,defiant,128,1,0
624,pawniard,inner-focus,39,2,0
624,pawniard,pressure,46,3,1
625,bisharp,defiant,128,1,0
625,bisharp,inner-focus,39,2,0
625,bisharp,pressure,46,3,1
626,bouffalant,reckless,120,1,0
626,bouffalant,sap-sipper,157,2,0
626,bouffalant,soundproof,43,3,1
627,rufflet,keen-eye,51,1,0
627,rufflet,sheer-force,125,2,0
627,rufflet,hustle,55,3,1
628,braviary,keen-eye,51,1,0
628,braviary,sheer-force,125,2,0
628,braviary,defiant,128,3,1
629,vullaby,big-pecks,145,1,0
629,vullaby,overcoat,142,2,0
629,vullaby,weak-armor,133,3,1
630,mandibuzz,big-pecks,145,1,0
630,mandibuzz,overcoat,142,2,0
630,mandibuzz,weak-armor,133,3,1
631,heatmor,gluttony,82,1,0
631,heatmor,flash-fire,18,2,0
631,heatmor,white-smoke,73,3,1
632,durant,swarm,68,1,0
632,durant,hustle,55,2,0
632,durant,truant,54,3,1
633,deino,hustle,55,1,0
634,zweilous,hustle,55,1,0
635,hydreigon,levitate,26,1,0
636,larvesta,flame-body,49,1,0
636,larvesta,swarm,68,3,1
637,volcarona,flame-body,49,1,0
637,volcarona,swarm,68,3,1
638,cobalion,justified,154,1,0
639,terrakion,justified,154,1,0
640,virizion,justified,154,1,0
641,tornadus-incarnate,prankster,158,1,0
641,tornadus-incarnate,defiant,128,3,1
642,thundurus-incarnate,prankster,158,1,0
642,thundurus-incarnate,defiant,128,3,1
643,reshiram,turboblaze,163,1,0
644,zekrom,teravolt,164,1,0
645,landorus-incarnate,sand-force,159,1,0
645,landorus-incarnate,sheer-force,125,3,1
646,kyurem,pressure,46,1,0
647,keldeo-ordinary,justified,154,1,0
648,meloetta-aria,serene-grace,32,1,0
649,genesect,download,88,1,0
650,chespin,overgrow,65,1,0
650,chespin,bulletproof,171,3,1
651,quilladin,overgrow,65,1,0
651,quilladin,bulletproof,171,3,1
652,chesnaught,overgrow,65,1,0
652,chesnaught,bulletproof,171,3,1
653,fennekin,blaze,66,1,0
653,fennekin,magician,170,3,1
654,braixen,blaze,66,1,0
654,braixen,magician,170,3,1
655,delphox,blaze,66,1,0
655,delphox,magician,170,3,1
656,froakie,torrent,67,1,0
656,froakie,protean,168,3,1
657,frogadier,torrent,67,1,0
657,frogadier,protean,168,3,1
658,greninja,torrent,67,1,0
658,greninja,protean,168,3,1
659,bunnelby,pickup,53,1,0
659,bunnelby,cheek-pouch,167,2,0
659,bunnelby,huge-power,37,3,1
660,diggersby,pickup,53,1,0
660,diggersby,cheek-pouch,167,2,0
660,diggersby,huge-power,37,3,1
661,fletchling,big-pecks,145,1,0
661,fletchling,gale-wings,177,3,1
662,fletchinder,flame-body,49,1,0
662,fletchinder,gale-wings,177,3,1
663,talonflame,flame-body,49,1,0
663,talonflame,gale-wings,177,3,1
664,scatterbug,shield-dust,19,1,0
664,scatterbug,compound-eyes,14,2,0
664,scatterbug,friend-guard,132,3,1
665,spewpa,shed-skin,61,1,0
665,spewpa,friend-guard,132,3,1
666,vivillon,shield-dust,19,1,0
666,vivillon,compound-eyes,14,2,0
666,vivillon,friend-guard,132,3,1
667,litleo,rivalry,79,1,0
667,litleo,unnerve,127,2,0
667,litleo,moxie,153,3,1
668,pyroar,rivalry,79,1,0
668,pyroar,unnerve,127,2,0
668,pyroar,moxie,153,3,1
669,flabebe,flower-veil,166,1,0
669,flabebe,symbiosis,180,3,1
670,floette,flower-veil,166,1,0
670,floette,symbiosis,180,3,1
671,florges,flower-veil,166,1,0
671,florges,symbiosis,180,3,1
672,skiddo,sap-sipper,157,1,0
672,skiddo,grass-pelt,179,3,1
673,gogoat,sap-sipper,157,1,0
673,gogoat,grass-pelt,179,3,1
674,pancham,iron-fist,89,1,0
674,pancham,mold-breaker,104,2,0
674,pancham,scrappy,113,3,1
675,pangoro,iron-fist,89,1,0
675,pangoro,mold-breaker,104,2,0
675,pangoro,scrappy,113,3,1
676,furfrou,fur-coat,169,1,0
677,espurr,keen-eye,51,1,0
677,espurr,infiltrator,151,2,0
677,espurr,own-tempo,20,3,1
678,meowstic-male,keen-eye,51,1,0
678,meowstic-male,infiltrator,151,2,0
678,meowstic-male,prankster,158,3,1
679,honedge,no-guard,99,1,0
680,doublade,no-guard,99,1,0
681,aegislash-shield,stance-change,176,1,0
682,spritzee,healer,131,1,0
682,spritzee,aroma-veil,165,3,1
683,aromatisse,healer,131,1,0
683,aromatisse,aroma-veil,165,3,1
684,swirlix,sweet-veil,175,1,0
684,swirlix,unburden,84,3,1
685,slurpuff,sweet-veil,175,1,0
685,slurpuff,unburden,84,3,1
686,inkay,contrary,126,1,0
686,inkay,suction-cups,21,2,0
686,inkay,infiltrator,151,3,1
687,malamar,contrary,126,1,0
687,malamar,suction-cups,21,2,0
687,malamar,infiltrator,151,3,1
688,binacle,tough-claws,181,1,0
688,binacle,sniper,97,2,0
688,binacle,pickpocket,124,3,1
689,barbaracle,tough-claws,181,1,0
689,barbaracle,sniper,97,2,0
689,barbaracle,pickpocket,124,3,1
690,skrelp,poison-point,38,1,0
690,skrelp,poison-touch,143,2,0
690,skrelp,adaptability,91,3,1
691,dragalge,poison-point,38,1,0
691,dragalge,poison-touch,143,2,0
691,dragalge,adaptability,91,3,1
692,clauncher,mega-launcher,178,1,0
693,clawitzer,mega-launcher,178,1,0
694,helioptile,dry-skin,87,1,0
694,helioptile,sand-veil,8,2,0
694,helioptile,solar-power,94,3,1
695,heliolisk,dry-skin,87,1,0
695,heliolisk,sand-veil,8,2,0
695,heliolisk,solar-power,94,3,1
696,tyrunt,strong-jaw,173,1,0
696,tyrunt,sturdy,5,3,1
697,tyrantrum,strong-jaw,173,1,0
697,tyrantrum,rock-head,69,3,1
698,amaura,refrigerate,174,1,0
698,amaura,snow-warning,117,3,1
699,aurorus,refrigerate,174,1,0
699,aurorus,snow-warning,117,3,1
700,sylveon,cute-charm,56,1,0
700,sylveon,pixilate,182,3,1
701,hawlucha,limber,7,1,0
701,hawlucha,unburden,84,2,0
701,hawlucha,mold-breaker,104,3,1
702,dedenne,cheek-pouch,167,1,0
702,dedenne,pickup,53,2,0
702,dedenne,plus,57,3,1
703,carbink,clear-body,29,1,0
703,carbink,sturdy,5,3,1
704,goomy,sap-sipper,157,1,0
704,goomy,hydration,93,2,0
704,goomy,gooey,183,3,1
705,sliggoo,sap-sipper,157,1,0
705,sliggoo,hydration,93,2,0
705,sliggoo,gooey,183,3,1
706,goodra,sap-sipper,157,1,0
706,goodra,hydration,93,2,0
706,goodra,gooey,183,3,1
707,klefki,prankster,158,1,0
707,klefki,magician,170,3,1
708,phantump,natural-cure,30,1,0
708,phantump,frisk,119,2,0
708,phantump,harvest,139,3,1
709,trevenant,natural-cure,30,1,0
709,trevenant,frisk,119,2,0
709,trevenant,harvest,139,3,1
710,pumpkaboo-average,pickup,53,1,0
710,pumpkaboo-average,frisk,119,2,0
710,pumpkaboo-average,insomnia,15,3,1
711,gourgeist-average,pickup,53,1,0
711,gourgeist-average,frisk,119,2,0
711,gourgeist-average,insomnia,15,3,1
712,bergmite,own-tempo,20,1,0
712,bergmite,ice-body,115,2,0
712,bergmite,sturdy,5,3,1
713,avalugg,own-tempo,20,1,0
713,avalugg,ice-body,115,2,0
713,avalugg,sturdy,5,3,1
714,noibat,frisk,119,1,0
714,noibat,infiltrator,151,2,0
714,noibat,telepathy,140,3,1
715,noivern,frisk,119,1,0
715,noivern,infiltrator,151,2,0
715,noivern,telepathy,140,3,1
716,xerneas,fairy-aura,187,1,0
717,yveltal,dark-aura,186,1,0
718,zygarde-50,aura-break,188,1,0
719,diancie,clear-body,29,1,0
720,hoopa,magician,170,1,0
721,volcanion,water-absorb,11,1,0
722,rowlet,overgrow,65,1,0
722,rowlet,long-reach,203,3,1
723,dartrix,overgrow,65,1,0
723,dartrix,long-reach,203,3,1
724,decidueye,overgrow,65,1,0
724,decidueye,long-reach,203,3,1
725,litten,blaze,66,1,0
725,litten,intimidate,22,3,1
726,torracat,blaze,66,1,0
726,torracat,intimidate,22,3,1
727,incineroar,blaze,66,1,0
727,incineroar,intimidate,22,3,1
728,popplio,torrent,67,1,0
728,popplio,liquid-voice,204,3,1
729,brionne,torrent,67,1,0
729,brionne,liquid-voice,204,3,1
730,primarina,torrent,67,1,0
730,primarina,liquid-voice,204,3,1
731,pikipek,keen-eye,51,1,0
731,pikipek,skill-link,92,2,0
731,pikipek,pickup,53,3,1
732,trumbeak,keen-eye,51,1,0
732,trumbeak,skill-link,92,2,0
732,trumbeak,pickup,53,3,1
733,toucannon,keen-eye,51,1,0
733,toucannon,skill-link,92,2,0
733,toucannon,sheer-force,125,3,1
734,yungoos,stakeout,198,1,0
734,yungoos,strong-jaw,173,2,0
734,yungoos,adaptability,91,3,1
735,gumshoos,stakeout,198,1,0
735,gumshoos,strong-jaw,173,2,0
735,gumshoos,adaptability,91,3,1
736,grubbin,swarm,68,1,0
737,charjabug,battery,217,1,0
738,vikavolt,levitate,26,1,0
739,crabrawler,hyper-cutter,52,1,0
739,crabrawler,iron-fist,89,2,0
739,crabrawler,anger-point,83,3,1
740,crabominable,hyper-cutter,52,1,0
740,crabominable,iron-fist,89,2,0
740,crabominable,anger-point,83,3,1
741,oricorio-baile,dancer,216,1,0
742,cutiefly,honey-gather,118,1,0
742,cutiefly,shield-dust,19,2,0
742,cutiefly,sweet-veil,175,3,1
743,ribombee,honey-gather,118,1,0
743,ribombee,shield-dust,19,2,0
743,ribombee,sweet-veil,175,3,1
744,rockruff,keen-eye,51,1,0
744,rockruff,vital-spirit,72,2,0
744,rockruff,steadfast,80,3,1
745,lycanroc-midday,keen-eye,51,1,0
745,lycanroc-midday,sand-rush,146,2,0
745,lycanroc-midday,steadfast,80,3,1
746,wishiwashi-solo,schooling,208,1,0
747,mareanie,merciless,196,1,0
747,mareanie,limber,7,2,0
747,mareanie,regenerator,144,3,1
748,toxapex,merciless,196,1,0
748,toxapex,limber,7,2,0
748,toxapex,regenerator,144,3,1
749,mudbray,own-tempo,20,1,0
749,mudbray,stamina,192,2,0
749,mudbray,inner-focus,39,3,1
750,mudsdale,own-tempo,20,1,0
750,mudsdale,stamina,192,2,0
750,mudsdale,inner-focus,39,3,1
751,dewpider,water-bubble,199,1,0
751,dewpider,water-absorb,11,3,1
752,araquanid,water-bubble,199,1,0
752,araquanid,water-absorb,11,3,1
753,fomantis,leaf-guard,102,1,0
753,fomantis,contrary,126,3,1
754,lurantis,leaf-guard,102,1,0
754,lurantis,contrary,126,3,1
755,morelull,illuminate,35,1,0
755,morelull,effect-spore,27,2,0
755,morelull,rain-dish,44,3,1
756,shiinotic,illuminate,35,1,0
756,shiinotic,effect-spore,27,2,0
756,shiinotic,rain-dish,44,3,1
757,salandit,corrosion,212,1,0
757,salandit,oblivious,12,3,1
758,salazzle,corrosion,212,1,0
758,salazzle,oblivious,12,3,1
759,stufful,fluffy,218,1,0
759,stufful,klutz,103,2,0
759,stufful,cute-charm,56,3,1
760,bewear,fluffy,218,1,0
760,bewear,klutz,103,2,0
760,bewear,unnerve,127,3,1
761,bounsweet,leaf-guard,102,1,0
761,bounsweet,oblivious,12,2,0
761,bounsweet,sweet-veil,175,3,1
762,steenee,leaf-guard,102,1,0
762,steenee,oblivious,12,2,0
762,steenee,sweet-veil,175,3,1
763,tsareena,leaf-guard,102,1,0
763,tsareena,queenly-majesty,214,2,0
763,tsareena,sweet-veil,175,3,1
764,comfey,flower-veil,166,1,0
764,comfey,triage,205,2,0
764,comfey,natural-cure,30,3,1
765,oranguru,inner-focus,39,1,0
765,oranguru,telepathy,140,2,0
765,oranguru,symbiosis,180,3,1
766,passimian,receiver,222,1,0
766,passimian,defiant,128,3,1
767,wimpod,wimp-out,193,1,0
768,golisopod,emergency-exit,194,1,0
769,sandygast,water-compaction,195,1,0
769,sandygast,sand-veil,8,3,1
770,palossand,water-compaction,195,1,0
770,palossand,sand-veil,8,3,1
771,pyukumuku,innards-out,215,1,0
771,pyukumuku,unaware,109,3,1
772,type-null,battle-armor,4,1,0
773,silvally,rks-system,225,1,0
774,minior-red-meteor,shields-down,197,1,0
775,komala,comatose,213,1,0
776,turtonator,shell-armor,75,1,0
777,togedemaru,iron-barbs,160,1,0
777,togedemaru,lightning-rod,31,2,0
777,togedemaru,sturdy,5,3,1
778,mimikyu-disguised,disguise,209,1,0
779,bruxish,dazzling,219,1,0
779,bruxish,strong-jaw,173,2,0
779,bruxish,wonder-skin,147,3,1
780,drampa,berserk,201,1,0
780,drampa,sap-sipper,157,2,0
780,drampa,cloud-nine,13,3,1
781,dhelmise,steelworker,200,1,0
782,jangmo-o,bulletproof,171,1,0
782,jangmo-o,soundproof,43,2,0
782,jangmo-o,overcoat,142,3,1
783,hakamo-o,bulletproof,171,1,0
783,hakamo-o,soundproof,43,2,0
783,hakamo-o,overcoat,142,3,1
784,kommo-o,bulletproof,171,1,0
784,kommo-o,soundproof,43,2,0
784,kommo-o,overcoat,142,3,1
785,tapu-koko,electric-surge,226,1,0
785,tapu-koko,telepathy,140,3,1
786,tapu-lele,psychic-surge,227,1,0
786,tapu-lele,telepathy,140,3,1
787,tapu-bulu,grassy-surge,229,1,0
787,tapu-bulu,telepathy,140,3,1
788,tapu-fini,misty-surge,228,1,0
788,tapu-fini,telepathy,140,3,1
789,cosmog,unaware,109,1,0
790,cosmoem,sturdy,5,1,0
791,solgaleo,full-metal-body,230,1,0
792,lunala,shadow-shield,231,1,0
793,nihilego,beast-boost,224,1,0
794,buzzwole,beast-boost,224,1,0
795,pheromosa,beast-boost,224,1,0
796,xurkitree,beast-boost,224,1,0
797,celesteela,beast-boost,224,1,0
798,kartana,beast-boost,224,1,0
799,guzzlord,beast-boost,224,1,0
800,necrozma,prism-armor,232,1,0
801,magearna,soul-heart,220,1,0
802,marshadow,technician,101,1,0
803,poipole,beast-boost,224,1,0
804,naganadel,beast-boost,224,1,0
805,stakataka,beast-boost,224,1,0
806,blacephalon,beast-boost,224,1,0
807,zeraora,volt-absorb,10,1,0
808,meltan,magnet-pull,42,1,0
809,melmetal,iron-fist,89,1,0
810,grookey,overgrow,65,1,0
810,grookey,grassy-surge,229,3,1
811,thwackey,overgrow,65,1,0
811,thwackey,grassy-surge,229,3,1
812,rillaboom,overgrow,65,1,0
812,rillaboom,grassy-surge,229,3,1
813,scorbunny,blaze,66,1,0
813,scorbunny,libero,236,3,1
814,raboot,blaze,66,1,0
814,raboot,libero,236,3,1
815,cinderace,blaze,66,1,0
815,cinderace,libero,236,3,1
816,sobble,torrent,67,1,0
816,sobble,sniper,97,3,1
817,drizzile,torrent,67,1,0
817,drizzile,sniper,97,3,1
818,inteleon,torrent,67,1,0
818,inteleon,sniper,97,3,1
819,skwovet,cheek-pouch,167,1,0
819,skwovet,gluttony,82,3,1
820,greedent,cheek-pouch,167,1,0
820,greedent,gluttony,82,3,1
821,rookidee,keen-eye,51,1,0
821,rookidee,unnerve,127,2,0
821,rookidee,big-pecks,145,3,1
822,corvisquire,keen-eye,51,1,0
822,corvisquire,unnerve,127,2,0
822,corvisquire,big-pecks,145,3,1
823,corviknight,pressure,46,1,0
823,corviknight,unnerve,127,2,0
823,corviknight,mirror-armor,240,3,1
824,blipbug,swarm,68,1,0
824,blipbug,compound-eyes,14,2,0
824,blipbug,telepathy,140,3,1
825,dottler,swarm,68,1,0
825,dottler,compound-eyes,14,2,0
825,dottler,telepathy,140,3,1
826,orbeetle,swarm,68,1,0
826,orbeetle,frisk,119,2,0
826,orbeetle,telepathy,140,3,1
827,nickit,run-away,50,1,0
827,nickit,unburden,84,2,0
827,nickit,stakeout,198,3,1
828,thievul,run-away,50,1,0
828,thievul,unburden,84,2,0
828,thievul,stakeout,198,3,1
829,gossifleur,cotton-down,238,1,0
829,gossifleur,regenerator,144,2,0
829,gossifleur,effect-spore,27,3,1
830,eldegoss,cotton-down,238,1,0
830,eldegoss,regenerator,144,2,0
830,eldegoss,effect-spore,27,3,1
831,wooloo,fluffy,218,1,0
831,wooloo,run-away,50,2,0
831,wooloo,bulletproof,171,3,1
832,dubwool,fluffy,218,1,0
832,dubwool,steadfast,80,2,0
832,dubwool,bulletproof,171,3,1
833,chewtle,strong-jaw,173,1,0
833,chewtle,shell-armor,75,2,0
833,chewtle,swift-swim,33,3,1
834,drednaw,strong-jaw,173,1,0
834,drednaw,shell-armor,75,2,0
834,drednaw,swift-swim,33,3,1
835,yamper,ball-fetch,237,1,0
835,yamper,rattled,155,3,1
836,boltund,strong-jaw,173,1,0
836,boltund,competitive,172,3,1
837,rolycoly,steam-engine,243,1,0
837,rolycoly,heatproof,85,2,0
837,rolycoly,flash-fire,18,3,1
838,carkol,steam-engine,243,1,0
838,carkol,flame-body,49,2,0
838,carkol,flash-fire,18,3,1
839,coalossal,steam-engine,243,1,0
839,coalossal,flame-body,49,2,0
839,coalossal,flash-fire,18,3,1
840,applin,ripen,247,1,0
840,applin,gluttony,82,2,0
840,applin,bulletproof,171,3,1
841,flapple,ripen,247,1,0
841,flapple,gluttony,82,2,0
841,flapple,hustle,55,3,1
842,appletun,ripen,247,1,0
842,appletun,gluttony,82,2,0
842,appletun,thick-fat,47,3,1
843,silicobra,sand-spit,245,1,0
843,silicobra,shed-skin,61,2,0
843,silicobra,sand-veil,8,3,1
844,sandaconda,sand-spit,245,1,0
844,sandaconda,shed-skin,61,2,0
844,sandaconda,sand-veil,8,3,1
845,cramorant,gulp-missile,241,1,0
846,arrokuda,swift-swim,33,1,0
846,arrokuda,propeller-tail,239,3,1
847,barraskewda,swift-swim,33,1,0
847,barraskewda,propeller-tail,239,3,1
848,toxel,rattled,155,1,0
848,toxel,static,9,2,0
848,toxel,klutz,103,3,1
849,toxtricity-amped,punk-rock,244,1,0
849,toxtricity-amped,plus,57,2,0
849,toxtricity-amped,technician,101,3,1
850,sizzlipede,flash-fire,18,1,0
850,sizzlipede,white-smoke,73,2,0
850,sizzlipede,flame-body,49,3,1
851,centiskorch,flash-fire,18,1,0
851,centiskorch,white-smoke,73,2,0
851,centiskorch,flame-body,49,3,1
852,clobbopus,limber,7,1,0
852,clobbopus,technician,101,3,1
853,grapploct,limber,7,1,0
853,grapploct,technician,101,3,1
854,sinistea,weak-armor,133,1,0
854,sinistea,cursed-body,130,3,1
855,polteageist,weak-armor,133,1,0
855,polteageist,cursed-body,130,3,1
856,hatenna,healer,131,1,0
856,hatenna,anticipation,107,2,0
856,hatenna,magic-bounce,156,3,1
857,hattrem,healer,131,1,0
857,hattrem,anticipation,107,2,0
857,hattrem,magic-bounce,156,3,1
858,hatterene,healer,131,1,0
858,hatterene,anticipation,107,2,0
858,hatterene,magic-bounce,156,3,1
859,impidimp,prankster,158,1,0
859,impidimp,frisk,119,2,0
859,impidimp,pickpocket,124,3,1
860,morgrem,prankster,158,1,0
860,morgrem,frisk,119,2,0
860,morgrem,pickpocket,124,3,1
861,grimmsnarl,prankster,158,1,0
861,grimmsnarl,frisk,119,2,0
861,grimmsnarl,pickpocket,124,3,1
862,obstagoon,reckless,120,1,0
862,obstagoon,guts,62,2,0
862,obstagoon,defiant,128,3,1
863,perrserker,battle-armor,4,1,0
863,perrserker,tough-claws,181,2,0
863,perrserker,steely-spirit,252,3,1
864,cursola,weak-armor,133,1,0
864,cursola,perish-body,253,3,1
865,sirfetchd,steadfast,80,1,0
865,sirfetchd,scrappy,113,3,1
866,mr-rime,tangled-feet,77,1,0
866,mr-rime,screen-cleaner,251,2,0
866,mr-rime,ice-body,115,3,1
867,runerigus,wandering-spirit,254,1,0
868,milcery,sweet-veil,175,1,0
868,milcery,aroma-veil,165,3,1
869,alcremie,sweet-veil,175,1,0
869,alcremie,aroma-veil,165,3,1
870,falinks,battle-armor,4,1,0
870,falinks,defiant,128,3,1
871,pincurchin,lightning-rod,31,1,0
871,pincurchin,electric-surge,226,3,1
872,snom,shield-dust,19,1,0
872,snom,ice-scales,246,3,1
873,frosmoth,shield-dust,19,1,0
873,frosmoth,ice-scales,246,3,1
874,stonjourner,power-spot,249,1,0
875,eiscue-ice,ice-face,248,1,0
876,indeedee-male,inner-focus,39,1,0
876,indeedee-male,synchronize,28,2,0
876,indeedee-male,psychic-surge,227,3,1
877,morpeko-full-belly,hunger-switch,258,1,0
878,cufant,sheer-force,125,1,0
878,cufant,heavy-metal,134,3,1
879,copperajah,sheer-force,125,1,0
879,copperajah,heavy-metal,134,3,1
880,dracozolt,volt-absorb,10,1,0
880,dracozolt,hustle,55,2,0
880,dracozolt,sand-rush,146,3,1
881,arctozolt,volt-absorb,10,1,0
881,arctozolt,static,9,2,0
881,arctozolt,slush-rush,202,3,1
882,dracovish,water-absorb,11,1,0
882,dracovish,strong-jaw,173,2,0
882,dracovish,sand-rush,146,3,1
883,arctovish,water-absorb,11,1,0
883,arctovish,ice-body,115,2,0
883,arctovish,slush-rush,202,3,1
884,duraludon,light-metal,135,1,0
884,duraludon,heavy-metal,134,2,0
884,duraludon,stalwart,242,3,1
885,dreepy,clear-body,29,1,0
885,dreepy,infiltrator,151,2,0
885,dreepy,cursed-body,130,3,1
886,drakloak,clear-body,29,1,0
886,drakloak,infiltrator,151,2,0
886,drakloak,cursed-body,130,3,1
887,dragapult,clear-body,29,1,0
887,dragapult,infiltrator,151,2,0
887,dragapult,cursed-body,130,3,1
888,zacian,intrepid-sword,234,1,0
889,zamazenta,dauntless-shield,235,1,0
890,eternatus,pressure,46,1,0
891,kubfu,inner-focus,39,1,0
892,urshifu-single-strike,unseen-fist,260,1,0
893,zarude,leaf-guard,102,1,0
894,regieleki,transistor,262,1,0
895,regidrago,dragons-maw,263,1,0
896,glastrier,chilling-neigh,264,1,0
897,spectrier,grim-neigh,265,1,0
898,calyrex,unnerve,127,1,0
899,wyrdeer,intimidate,22,1,0
899,wyrdeer,frisk,119,2,0
899,wyrdeer,sap-sipper,157,3,1
900,kleavor,swarm,68,1,0
900,kleavor,sheer-force,125,2,0
900,kleavor,sharpness,292,3,1
901,ursaluna,guts,62,1,0
901,ursaluna,bulletproof,171,2,0
901,ursaluna,unnerve,127,3,1
902,basculegion-male,swift-swim,33,1,0
902,basculegion-male,adaptability,91,2,0
902,basculegion-male,mold-breaker,104,3,1
903,sneasler,pressure,46,1,0
903,sneasler,unburden,84,2,0
903,sneasler,poison-touch,143,3,1
904,overqwil,poison-point,38,1,0
904,overqwil,swift-swim,33,2,0
904,overqwil,intimidate,22,3,1
905,enamorus-incarnate,cute-charm,56,1,0
905,enamorus-incarnate,contrary,126,3,1
906,sprigatito,overgrow,65,1,0
906,sprigatito,protean,168,3,1
907,floragato,overgrow,65,1,0
907,floragato,protean,168,3,1
908,meowscarada,overgrow,65,1,0
908,meowscarada,protean,168,3,1
909,fuecoco,blaze,66,1,0
909,fuecoco,unaware,109,3,1
910,crocalor,blaze,66,1,0
910,crocalor,unaware,109,3,1
911,skeledirge,blaze,66,1,0
911,skeledirge,unaware,109,3,1
912,quaxly,torrent,67,1,0
912,quaxly,moxie,153,3,1
913,quaxwell,torrent,67,1,0
913,quaxwell,moxie,153,3,1
914,quaquaval,torrent,67,1,0
914,quaquaval,moxie,153,3,1
915,lechonk,aroma-veil,165,1,0
915,lechonk,gluttony,82,2,0
915,lechonk,thick-fat,47,3,1
916,oinkologne-male,lingering-aroma,268,1,0
916,oinkologne-male,gluttony,82,2,0
916,oinkologne-male,thick-fat,47,3,1
917,tarountula,insomnia,15,1,0
917,tarountula,stakeout,198,3,1
918,spidops,insomnia,15,1,0
918,spidops,stakeout,198,3,1
919,nymble,swarm,68,1,0
919,nymble,tinted-lens,110,3,1
920,lokix,swarm,68,1,0
920,lokix,tinted-lens,110,3,1
921,pawmi,static,9,1,0
921,pawmi,natural-cure,30,2,0
921,pawmi,iron-fist,89,3,1
922,pawmo,volt-absorb,10,1,0
922,pawmo,natural-cure,30,2,0
922,pawmo,iron-fist,89,3,1
923,pawmot,volt-absorb,10,1,0
923,pawmot,natural-cure,30,2,0
923,pawmot,iron-fist,89,3,1
924,tandemaus,run-away,50,1,0
924,tandemaus,pickup,53,2,0
924,tandemaus,own-tempo,20,3,1
925,maushold-family-of-four,friend-guard,132,1,0
925,maushold-family-of-four,cheek-pouch,167,2,0
925,maushold-family-of-four,technician,101,3,1
926,fidough,own-tempo,20,1,0
926,fidough,klutz,103,3,1
927,dachsbun,well-baked-body,273,1,0
927,dachsbun,aroma-veil,165,3,1
928,smoliv,early-bird,48,1,0
928,smoliv,harvest,139,3,1
929,dolliv,early-bird,48,1,0
929,dolliv,harvest,139,3,1
930,arboliva,seed-sower,269,1,0
930,arboliva,harvest,139,3,1
931,squawkabilly-green-plumage,intimidate,22,1,0
931,squawkabilly-green-plumage,hustle,55,2,0
931,squawkabilly-green-plumage,guts,62,3,1
932,nacli,purifying-salt,272,1,0
932,nacli,sturdy,5,2,0
932,nacli,clear-body,29,3,1
933,naclstack,purifying-salt,272,1,0
933,naclstack,sturdy,5,2,0
933,naclstack,clear-body,29,3,1
934,garganacl,purifying-salt,272,1,0
934,garganacl,sturdy,5,2,0
934,garganacl,clear-body,29,3,1
935,charcadet,flash-fire,18,1,0
935,charcadet,flame-body,49,3,1
936,armarouge,flash-fire,18,1,0
936,armarouge,weak-armor,133,3,1
937,ceruledge,flash-fire,18,1,0
937,ceruledge,weak-armor,133,3,1
938,tadbulb,own-tempo,20,1,0
938,tadbulb,static,9,2,0
938,tadbulb,damp,6,3,1
939,bellibolt,electromorphosis,280,1,0
939,bellibolt,static,9,2,0
939,bellibolt,damp,6,3,1
940,wattrel,wind-power,277,1,0
940,wattrel,volt-absorb,10,2,0
940,wattrel,competitive,172,3,1
941,kilowattrel,wind-power,277,1,0
941,kilowattrel,volt-absorb,10,2,0
941,kilowattrel,competitive,172,3,1
942,maschiff,intimidate,22,1,0
942,maschiff,run-away,50,2,0
942,maschiff,stakeout,198,3,1
943,mabosstiff,intimidate,22,1,0
943,mabosstiff,guard-dog,275,2,0
943,mabosstiff,stakeout,198,3,1
944,shroodle,unburden,84,1,0
944,shroodle,pickpocket,124,2,0
944,shroodle,prankster,158,3,1
945,grafaiai,unburden,84,1,0
945,grafaiai,poison-touch,143,2,0
945,grafaiai,prankster,158,3,1
946,bramblin,wind-rider,274,1,0
946,bramblin,infiltrator,151,3,1
947,brambleghast,wind-rider,274,1,0
947,brambleghast,infiltrator,151,3,1
948,toedscool,mycelium-might,298,3,1
949,toedscruel,mycelium-might,298,3,1
950,klawf,anger-shell,271,1,0
950,klawf,shell-armor,75,2,0
950,klawf,regenerator,144,3,1
951,capsakid,chlorophyll,34,1,0
951,capsakid,insomnia,15,2,0
951,capsakid,klutz,103,3,1
952,scovillain,chlorophyll,34,1,0
952,scovillain,insomnia,15,2,0
952,scovillain,moody,141,3,1
953,rellor,compound-eyes,14,1,0
953,rellor,shed-skin,61,3,1
954,rabsca,synchronize,28,1,0
954,rabsca,telepathy,140,3,1
955,flittle,anticipation,107,1,0
955,flittle,frisk,119,2,0
955,flittle,speed-boost,3,3,1
956,espathra,opportunist,290,1,0
956,espathra,frisk,119,2,0
956,espathra,speed-boost,3,3,1
957,tinkatink,mold-breaker,104,1,0
957,tinkatink,own-tempo,20,2,0
957,tinkatink,pickpocket,124,3,1
958,tinkatuff,mold-breaker,104,1,0
958,tinkatuff,own-tempo,20,2,0
958,tinkatuff,pickpocket,124,3,1
959,tinkaton,mold-breaker,104,1,0
959,tinkaton,own-tempo,20,2,0
959,tinkaton,pickpocket,124,3,1
960,wiglett,gooey,183,1,0
960,wiglett,rattled,155,2,0
960,wiglett,sand-veil,8,3,1
961,wugtrio,gooey,183,1,0
961,wugtrio,rattled,155,2,0
961,wugtrio,sand-veil,8,3,1
962,bombirdier,big-pecks,145,1,0
962,bombirdier,keen-eye,51,2,0
962,bombirdier,rocky-payload,276,3,1
963,finizen,water-veil,41,3,1
964,palafin-zero,zero-to-hero,278,3,1
965,varoom,overcoat,142,1,0
965,varoom,slow-start,112,3,1
966,revavroom,overcoat,142,1,0
966,revavroom,filter,111,3,1
967,cyclizar,shed-skin,61,1,0
967,cyclizar,regenerator,144,3,1
968,orthworm,earth-eater,297,1,0
968,orthworm,sand-veil,8,3,1
969,glimmet,toxic-debris,295,1,0
969,glimmet,corrosion,212,3,1
970,glimmora,toxic-debris,295,1,0
970,glimmora,corrosion,212,3,1
971,greavard,pickup,53,1,0
971,greavard,fluffy,218,3,1
972,houndstone,sand-rush,146,1,0
972,houndstone,fluffy,218,3,1
973,flamigo,scrappy,113,1,0
973,flamigo,tangled-feet,77,2,0
973,flamigo,costar,294,3,1
974,cetoddle,thick-fat,47,1,0
974,cetoddle,snow-cloak,81,2,0
974,cetoddle,sheer-force,125,3,1
975,cetitan,thick-fat,47,1,0
975,cetitan,slush-rush,202,2,0
975,cetitan,sheer-force,125,3,1
976,veluza,mold-breaker,104,1,0
976,veluza,sharpness,292,3,1
977,dondozo,unaware,109,1,0
977,dondozo,oblivious,12,2,0
977,dondozo,water-veil,41,3,1
978,tatsugiri-curly,commander,279,1,0
978,tatsugiri-curly,storm-drain,114,3,1
979,annihilape,vital-spirit,72,1,0
979,annihilape,inner-focus,39,2,0
979,annihilape,defiant,128,3,1
980,clodsire,poison-point,38,1,0
980,clodsire,water-absorb,11,2,0
980,clodsire,unaware,109,3,1
981,farigiraf,cud-chew,291,1,0
981,farigiraf,armor-tail,296,2,0
981,farigiraf,sap-sipper,157,3,1
982,dudunsparce-two-segment,serene-grace,32,1,0
982,dudunsparce-two-segment,run-away,50,2,0
982,dudunsparce-two-segment,rattled,155,3,1
983,kingambit,defiant,128,1,0
983,kingambit,supreme-overlord,293,2,0
983,kingambit,pressure,46,3,1
984,great-tusk,protosynthesis,281,1,0
985,scream-tail,protosynthesis,281,1,0
986,brute-bonnet,protosynthesis,281,1,0
987,flutter-mane,protosynthesis,281,1,0
988,slither-wing,protosynthesis,281,1,0
989,sandy-shocks,protosynthesis,281,1,0
990,iron-treads,quark-drive,282,1,0
991,iron-bundle,quark-drive,282,1,0
992,iron-hands,quark-drive,282,1,0
993,iron-jugulis,quark-drive,282,1,0
994,iron-moth,quark-drive,282,1,0
995,iron-thorns,quark-drive,282,1,0
996,frigibax,thermal-exchange,270,1,0
996,frigibax,ice-body,115,3,1
997,arctibax,thermal-exchange,270,1,0
997,arctibax,ice-body,115,3,1
998,baxcalibur,thermal-exchange,270,1,0
998,baxcalibur,ice-body,115,3,1
999,gimmighoul,rattled,155,1,0
1000,gholdengo,good-as-gold,283,1,0
1001,wo-chien,tablets-of-ruin,286,1,0
1002,chien-pao,sword-of-ruin,285,1,0
1003,ting-lu,vessel-of-ruin,284,1,0
1004,chi-yu,beads-of-ruin,287,1,0
1005,roaring-moon,protosynthesis,281,1,0
1006,iron-valiant,quark-drive,282,1,0
1007,koraidon,orichalcum-pulse,288,1,0
1008,miraidon,hadron-engine,289,1,0
1009,walking-wake,protosynthesis,281,1,0
1010,iron-leaves,quark-drive,282,1,0
1011,dipplin,supersweet-syrup,300,1,0
1011,dipplin,gluttony,82,2,0
1011,dipplin,sticky-hold,60,3,1
1012,poltchageist,hospitality,301,1,0
1012,poltchageist,heatproof,85,3,1
1013,sinistcha,hospitality,301,1,0
1013,sinistcha,heatproof,85,3,1
1014,okidogi,toxic-chain,302,1,0
1014,okidogi,guard-dog,275,3,1
1015,munkidori,toxic-chain,302,1,0
1015,munkidori,frisk,119,3,1
1016,fezandipiti,toxic-chain,302,1,0
1016,fezandipiti,technician,101,3,1
1017,ogerpon,defiant,128,1,0
1018,archaludon,stamina,192,1,0
1018,archaludon,sturdy,5,2,0
1018,archaludon,stalwart,242,3,1
1019,hydrapple,supersweet-syrup,300,1,0
1019,hydrapple,regenerator,144,2,0
1019,hydrapple,sticky-hold,60,3,1
1020,gouging-fire,protosynthesis,281,1,0
1021,raging-bolt,protosynthesis,281,1,0
1022,iron-boulder,quark-drive,282,1,0
1023,iron-crown,quark-drive,282,1,0
1024,terapagos,tera-shift,304,1,0
1025,pecharunt,poison-puppeteer,307,1,0
